<?xml version="1.0" encoding="UTF-8"?>
<?xml-stylesheet type="text/xsl" href="NotionalTestCaseXSL.xsl"?>

<TestCaseDocument xml:base="ProjectLifecycleDocuments.xml" projectName="Lifecycle Documents with Requirements Tracking" xmlns:xsi="http://www.w3.org/2001/XMLSchema-instance" xmlns:xi="http://www.w3.org/2001/XInclude" xsi:noNamespaceSchemaLocation="NotionalSchema2ns.xsd" >
    <Section isNewest="true" id="TC1.0">
        <Title isNewest="true">Lifecycle Document Project Manager with Requirements Tracking</Title>
        <Para isNewest="true"> The goal of this project is to create a protoype application capable of allowing a user to productively manage lifecycle documentation in XML without a previous XML experience. </Para>
        <Section isNewest="true" id="TC1.1">
            <Title isNewest="true">Create Lifecycle Project</Title>
            <Section isNewest="true" id="TC1.1.1">
                <Title isNewest="true">Form is displayed to user</Title>
                <Para isNewest="true">Form is displayed properly to user with appropriate textboxes and buttons.</Para>
                <TestResult>false</TestResult>
                <ApprovedBy isNewest="true">
                    <Name>Kevin Palmer</Name>
                    <Date isNewest="true">2014-04-12T13:20:15.5</Date>
                    <Para isNewest="true">Comment</Para>
                </ApprovedBy>
                <Ref isNewest="true">RQ3.1.1</Ref>
                <Ref isNewest="true">UC1.1.2</Ref>
               
            </Section>
            <Section isNewest="true" id="TC1.1.2">
                <Title isNewest="true">Input project name</Title>
                <Para isNewest="true">Project name is an accepted string in textbox.  No special characters.</Para>
                <TestResult>false</TestResult>
                <ApprovedBy isNewest="true">
                    <Name>Pete</Name>
                </ApprovedBy>
                <Ref isNewest="true">RQ3.2.1</Ref>
                <Ref isNewest="true">RQ3.2.3</Ref>
                <Ref isNewest="true">UC1.1.1</Ref>
                <Ref isNewest="true">UC1.1.2</Ref>
            </Section>
            
            <Section isNewest="true" id="TC1.1.3">
                <Title isNewest="true">Input template file location</Title>
                <Para isNewest="true">Template selected is a valid file type or is left blank.</Para>
                <TestResult>false</TestResult>
                <ApprovedBy isNewest="true">
                    <Name>Pete</Name>
                </ApprovedBy>
                <Ref isNewest="true">RQ3.1.4</Ref>
                <Ref isNewest="true">UC1.1.1</Ref>
                <Ref isNewest="true">UC1.1.2</Ref>
            </Section>
            
            <Section isNewest="true" id="TC1.1.4">
                <Title isNewest="true">Template file is not of correct file type or does not exist</Title>
                <Para isNewest="true">Program prompts user with error message.</Para>
                <TestResult>false</TestResult>
                <ApprovedBy isNewest="true">
                    <Name>Jeremiah</Name>
                </ApprovedBy>
                <Ref isNewest="true">RQ3.2.1.2</Ref>
                <Ref isNewest="true">RQ3.2.1.5</Ref>
                <Ref isNewest="true">UC1.1.1</Ref>
                <Ref isNewest="true">UC1.1.2</Ref>
            </Section>
            
            <Section isNewest="true" id="TC1.1.5">
                <Title isNewest="true">Select destination file location</Title>
                <Para isNewest="true">User is unable to input a destination and must use Browse button to select a folder to save the project in.</Para>
                <TestResult>false</TestResult>
                <ApprovedBy isNewest="true">
                    <Name>Ari</Name>
                </ApprovedBy>
                <Ref isNewest="true">RQ3.1.2</Ref>
                <Ref isNewest="true">RQ3.1.4</Ref>
                <Ref isNewest="true">RQ3.2.1.2</Ref>
                <Ref isNewest="true">RQ3.2.2.5</Ref>
                <Ref isNewest="true">UC1.1.1</Ref>
                <Ref isNewest="true">UC1.1.2</Ref>
            </Section>
            
            <Section isNewest="true" id="TC1.1.6">
                <Title isNewest="true">Click cancel button or close window</Title>
                <Para isNewest="true"> Create window is close and user is brought back to previous menu.</Para>
                <TestResult>false</TestResult>
                <ApprovedBy isNewest="true">
                    <Name>Ari</Name>
                </ApprovedBy>
                <Ref isNewest="true">RQ3.1.4</Ref>
                <Ref isNewest="true">UC1.1.1</Ref>
                <Ref isNewest="true">UC1.1.2</Ref>
            </Section>
            
            <Section isNewest="true" id="TC1.1.7">
                <Title isNewest="true">Close Browse button</Title>
                <Para isNewest="true">user is prompted to select file destination and display destiniation in the textbox.</Para>
                <TestResult>false</TestResult>
                <ApprovedBy isNewest="true">
                    <Name>Kevin</Name>
                </ApprovedBy>
                <Ref isNewest="true">RQ3.1.1</Ref>
                <Ref isNewest="true">RQ3.1.4</Ref>
                <Ref isNewest="true">UC1.1.1</Ref>
                <Ref isNewest="true">UC1.1.2</Ref>
            </Section>
            
            <Section isNewest="true" id="TC1.1.8">
                <Title isNewest="true">Click Create Button</Title>
                <Para isNewest="true">A blank document opens using Template selected.  The files saves in the destination selected with the name "Project Name"</Para>
                <TestResult>false</TestResult>
                <ApprovedBy isNewest="true">
                    <Name>Pete</Name>
                </ApprovedBy>
                <Ref isNewest="true">RQ3.1.1</Ref>
                <Ref isNewest="true">RQ3.1.4</Ref>
                <Ref isNewest="true">RQ3.2.1</Ref>
                <Ref isNewest="true">UC1.1.1</Ref>
                <Ref isNewest="true">UC1.1.2</Ref>
            </Section>
            <TestResult>true</TestResult>
            
            <ApprovedBy isNewest="true">
                <Name>Jeremiah Butler</Name>
                <Date isNewest="true">2004-04-12T13:20:15.5</Date>
                <Para isNewest="true">jeremiah's para is a very long paragraph, way longer than this single compund sentence</Para>
            </ApprovedBy>
            <ApprovedBy isNewest="false">
                <Name>Peter Magalhaes</Name>
                <Para isNewest="true">myPara</Para>
            </ApprovedBy>
            <Ref isNewest="true">RQ3.1.1</Ref>
            <Ref isNewest="true">RQ3.1.4</Ref>
            <Ref isNewest="true">RQ3.2.1</Ref>
            <Ref isNewest="true">UC1.1.1</Ref>
            <Ref isNewest="true">UC1.1.2</Ref>
        </Section>
        <TestResult>false</TestResult>
        <ApprovedBy isNewest="true">
            <Name>Pete</Name>
            <Para isNewest="true">Last Section is Here</Para>
        </ApprovedBy>
        <Ref isNewest="true">RQ3.1.1</Ref>
        <Ref isNewest="true">RQ3.1.4</Ref>
        <Ref isNewest="true">RQ3.2.1</Ref>
        <Ref isNewest="true">UC1.1.1</Ref>
        <Ref isNewest="true">UC1.1.2</Ref>
    </Section>
    
</TestCaseDocument>
