<?xml version="1.0"?>
<?xml-stylesheet type="text/xsl" href="ProjectXSL.xsl"?>
<!-- <root:ProjectLifeCycleDocuments -->
<ProjectLifecycleDocuments projectName="PLCD" xmlns:xsi="http://www.w3.org/2001/XMLSchema-instance" xmlns:xi="http://www.w3.org/2001/XInclude" xsi:noNamespaceSchemaLocation="NotionalSchema.xsd">
	<Team>
		<TeamMember isNewest="true">
			<Name isNewest="true">Jeremiah Butler</Name>
			<Role isNewest="true">Team Lead</Role>
		</TeamMember>
		<TeamMember isNewest="true">
			<Name isNewest="true">Peter Magalhaes</Name>
			<Role isNewest="true">Team Member</Role>
		</TeamMember>
		<TeamMember isNewest="true">
			<Name isNewest="true">Aria Ushani</Name>
			<Role isNewest="true">Team Member</Role>
		</TeamMember>
		<TeamMember isNewest="true">
			<Name isNewest="true">Kevin Palmer</Name>
			<Role isNewest="true">Team Member</Role>
		</TeamMember>
	</Team>
	<file_location>
		<xi:include href="NotionalSRS.xml" parse="xml">
			<xi:fallback>
				<p>The included document was not found!</p>
			</xi:fallback>
		</xi:include>
	</file_location>
	<file_location>
		<xi:include href="NotionalUseCase.xml" parse="xml">
			<xi:fallback>
				<p>The included document was not found!</p>
			</xi:fallback>
		</xi:include>
	</file_location>
	<file_location>
		<xi:include href="NotionalTestCase.xml" parse="xml">
			<xi:fallback>
				<p>The included document was not found!</p>
			</xi:fallback>
		</xi:include>
	</file_location>
	<file_location>
		<xi:include href="TestSave.xml">
			<xi:fallback>
				<p>The included document was not found!</p>
			</xi:fallback>
		</xi:include>
	</file_location>
</ProjectLifecycleDocuments>
