<!--First draft of our SRS in XML.  2/11/2014 12:10PM - KP -->
<!--TO DO-->
<!--Input Name tags for each .0 section including introduction, general description, etc-->
<!--Little formatting spaces, any other messed up shit-->

<?xml version="1.0" encoding="UTF-8"?>

<!--<?xml-stylesheet type="text/xsl" href="NotionalSRS11.xsl"?>-->

<SoftwareRequirementsSpecification projectName="Lifecycle Documents with Requirements Tracking" xmlns:xsi="http://www.w3.org/2001/XMLSchema-instance" xsi:noNamespaceSchemaLocation="NotionalSRS.xsd">
  
  <ProjectTeam>
    <TeamMember>
      <Name>Jeremiah Butler</Name>
      <Role>Team Lead</Role>  
    </TeamMember>
    <TeamMember>
      <Name>Peter Magalhaes</Name>
      <Role>Team Member</Role>
    </TeamMember>
	<TeamMember>
	<Name>Aria Ushani</Name>
	<Role>Team Member</Role>
	</TeamMember>
	<TeamMember>
	<Name>Kevin Palmer</Name>
	<Role>Team Member</Role>
	</TeamMember>
  </ProjectTeam>
  
 <!--Introduction--> 
  
	<Introduction ID="1.0">
		
  	<Title>Introduction</Title>
      <Para>The Software Requirements Specification details the extent of NUWC’s Lifecycle Project Manager. The product’s main feature is it’s ability to create and manage lifecycle documents using a graphical user interface. The lifecycle documents will be organized and exported using an XML Schema. This can be accomplished by a user who has no knowledge of the XML language. This document will review all the basic functionality required for a user to edit, create, and manage lifecycle projects.
	  </Para>    
		
		<Title ID="1.1">Purpose</Title>
		<Para> To provide a detailed description of how the product will produce it’s lifecycle documents as well as edit and export them. It also overviews the basic functional requirements requested by the customer.
		</Para>
		
		<Title ID="1.2">Scope</Title>
		<Para>The Lifecycle Project Manager will create and edit projects and lifecycle documents. It will serve as a cheap but easy to use software that allows users to input their own data and organize based on an XML schema. The product will export the lifecycle documents as PDF and HTML, as well as print out a requirements traceability matrix.
		</Para>
		
		<Title ID="1.3">Definitions </Title>
		<Para>API - Application Programming Interface</Para>
		<Para>CSS - Cascading Style Sheet</Para>
		<Para>CSV - Comma Separated Value</Para>
		<Para>GUI - Graphical User Interface</Para>
		<Para>HTML - HyperText Markup Language</Para>
		<Para>JS - Javascript</Para>
		<Para>LC - Lifecycle</Para>
		<Para>NUWC - Naval Undersea Warfare Center Division Newport</Para>
		<Para>PDF - Portable Document Format</Para>
		<Para>RTM - Requirements Traceability Matrix</Para>
		<Para>UMASSD - University of Massachusetts: Dartmouth</Para>
		<Para>XML - Extensible Markup Language</Para>
		
		<Title ID="1.4">Overview</Title>
		<Para>The SRS contains explicit details describing how the product is designed and implemented. It is organized in a top-down layered approach. The goal of this project is to create a protoype application capable of allowing a user to productively manage lifecycle documentation in XML without an previous XML experience. 
		</Para>
	</Introduction>
   
 <!--SECTION 2-->
 
  <GeneralDescription ID="2.0">
  	<Section ID="RQ2.1">
	<Title>Product Perspective </Title>
  	<Para>Our project team design goal is to develop a software solution to the proposal offered by NUWC. The design will accommodate for previous user complaints and shortcoming. It will also replace manual spreadsheet entries into a database. The software will also automate the process of generating a RTM. It will be a new, self-contained, web-based solution that requires minimal constraints. The design goal is to provide a tabular method of viewing multiple documents simultaneously to promote user productivity.
  	</Para>
  	</Section>
  	<Section ID="RQ2.2">
  	<Title>Product Functions </Title>
  	<Para>The software will prompt the user to open a new project or create a new one. When the user selects new project it presents the user with a set default templates which have been checked against a defined XML schema. These templates will be saved with the filename specified by the user. The user can then edit these templates with their information. The user can define requirements which will be traced throughout other documents in the project. After the documents have been saved, the user can select to create a RTM (Requirement Traceability Matrix) from the XML templates which the user has created and modified. 
  	</Para>
  	</Section>
  	<Section ID="RQ2.3">
  	<Title>User Characteristics</Title>
      <Para>This product is intended to be used by a non-technical user who may have no knowledge of the XML language. There will be no user groups, or administrator authentications. The user will be assumed to have access once the user is able to log into the computer where the software is stored.
      </Para>
  	</Section>
  	<Section ID="RQ2.4">
  	<Title>General Constraints</Title>
     
      <Para>The software will run on a Microsoft Windows 7 platform within Microsoft Internet Explorer browser. </Para>
	  
      <Para>The use of a database is prohibited and there is also no Internet connection available.</Para>
	  
	  <Para>The software must implement an XML schema developed by the team. The schema helps keep the document structured and search-able. </Para>
	  
	  <Para>By using an XML schema and an XLST processor, the user will have the ability to export documents as either an HTML or PDF.</Para>  
  	</Section>
  	<Section ID="RQ2.5">
  	<Title>Assumptions</Title>
      <Para>One dependency would be the available browser. If this were to change our application may break or provide an unintended appearance or functionality to the user.</Para>
	  
      <Para> product will create a directory for all of the created/edited LC documents, and the user will have permission on the local machine for the software to function as intended.</Para>
	  
	  <Para>The team must also assume the user is capable of creating and editing technical documentation. </Para>
	  
	  <Para>Lastly, one major assumption is user has no knowledge of XML and the user should have not have to see what is happening behind the scenes while creating the project and exporting the documents.
	  </Para>
  	</Section>
  </GeneralDescription>
<!--END Section 2-->
  
<!--SECTION 3-->  
	
  <SpecificRequirements ID="RQ3.0">
  	<Section name="ExternalInterfaceRequirements" ID="RQ3.1">
  	<Requirement ID="RQ3.1.1"> 
  		<Title> User Interfaces </Title>
		<Para>The user interface should be easy to use and have simple text boxes and an active table of contents menu, and a preview of the document selected in a preview pane. Since the user is unaware of the XML back end implementation, a GUI must be driven from XML to allow for easy adaptation.
		</Para>
		<subReq ID="RQ3.1.1.1">
			<Para>User is unaware of XML back end implementation.</Para>
		</subReq>
		<subReq ID="RQ3.1.1.2">
			<Para>System shall present a GUI to users that allow them to develop and edit lifecycle documents (i.e Requirements, Design, and Test)</Para>
		</subReq>
		<subReq ID="RQ3.1.1.3">
			<Para>Ability to view existing requirements, design elements and test cases shall be available at all times. </Para>
		</subReq>
  	</Requirement>
  		<Requirement ID="RQ3.1.2">
  		<Title>HardwareInterfaces</Title>
  		<Para> The application will be able to operate on a modern Microsoft Windows operating computer, that has an active installation of Microsoft Internet Explorer. Since there will be no network connection available, there is no requirement to interface to a network, however, the software solution will be web-based and address some scalability issues. All other hardware interfacing will be handled by the operating system, or the browser. 
  		</Para>
		<subReq ID="RQ3.1.2.1"> 
			<Para> All hardware interfacing is handled by the browser.</Para>
		</subReq>
  		</Requirement>
		
		<Requirement ID="RQ3.1.3">
  		<Title>Software Interfaces</Title>
			<Para>The XML Schema will be developed by the team, and the RTM will be auto-generated upon request. The XSLT processor will be used to convert the XML lifecycle documentation into HTML or PDF documents. The software will also use Internet Explorer as the main software interface.</Para>
			<subReq ID="RQ3.1.3.1">
				<Para>Must work with Internet Explorer 10.</Para>
			</subReq>
			<subReq ID="RQ3.1.3.2">
				<Para>Program should be capable of running XSLT processing for HTML and PDF output. An XML instance shall be transformed, via XSLT designed and developed by the team into an HTML-based interactive document.</Para>
			</subReq>
			<subReq ID="RQ3.1.3.3">
				<Para>System shall provide a mechanism to associate related parts of each document. (e.g. Requirement x is associated with design element y and test case z).</Para>
			</subReq>
			<sugReq ID="RQ3.1.3.4">
				<Para>System shall produce XML instances conformant with an XML schema designed and developed by the team.</Para>
			</subReq>
			<subReq ID="RQ3.1.3.5">
				<Para>System shall be able to auto-generate a Requirements Traceability Matrix at any point during development.</Para>
			</subReq>			
		</Requirement>
  		
  		<Requirement ID="RQ3.1.4">
				<Title>Communication Interfaces</Title>
			<Para>The software solution will not need to communicate outside the local machine, since there will may be no network available. </Para>
			<subReq ID="RQ3.1.4.1">
				<Para>Must communicate with local file system to create and edit XML files</Para>
			</subReq>
  		</Requirement>
  	</Section>


  
  	<Section name="FunctionalRequirements" ID="RQ3.2">
      <Para>Important features of the software project include creation of a Requirement Traceability Matrix (RTM) with the option as exporting as a ‘.csv’ file. Other functionality include user being able to add and implement their own templates for use.</Para>
		
  		<Requirement ID="RQ3.2.1">
  		<Title> Create Lifecycle Project </Title>
	<subReq ID="RQ3.2.1.1">
		<subTitle>Introduction</subTitle>
		<Para>Option to create a new LC project.</Para> 
	</subReq>
	<subReq ID="RQ3.2.1.2">
		<subTitle>Inputs</subTitle>
		<Para>Input project name and template selection.</Para> 
	</subReq>
	<subReq ID="RQ3.2.1.3">
		<subTitle>Processing</subTitle>
		<Para>Create project directory.  Existing files may be added to project if needed.</Para> 
	</subReq>
	<subReq ID="RQ3.2.1.4">
		<subTitle>Outputs</subTitle>
		<Para> Project directory created. XML template is selected. </Para> 
	</subReq>
	<subReq ID="RQ3.2.1.5">
		<subTitle>Error Handling</subTitle>
		<Para>JScript form checking. </Para> 
	</subReq>
		</Requirement>
	
  		<Requirement ID="RQ3.2.2">
  		<Title>Read Lifecycle Document </Title>
		<subReq ID="RQ3.2.2.1">
		<subTitle>Introduction </subTitle>
		<Para>Option to open an LC project.</Para> 
	</subReq>
	<subReq ID="RQ3.2.2.2">
		<subTitle>Inputs</subTitle>
		<Para>Browse for a project name. </Para> 
	</subReq>
	<subReq ID="RQ3.2.2.3">
		<subTitle>Processing</subTitle>
		<Para>Open project directory.  Parse XML for requirements, create array of sections for Table of Contents and preview. </Para>
	</subReq>
	<subReq ID="RQ3.2.2.4">
		<subTitle>Outputs</subTitle>
		<Para>Display Table of Contents and preview. </Para> 
	</subReq>
	<subReq ID="RQ3.2.2.5">
		<subTitle>Error Handling</subTitle>
		<Para>Browsing keeps user from entering invalid file location. XML schema ensures documents can be handled by our system.</Para> 
	</subReq>
  		</Requirement>
	
	<Requirement ID="RQ3.2.3">
  <Title>Read Lifecycle Document</Title>
	<subReq ID="RQ3.2.3.1">
		<subTitle>Introduction </subTitle>
		<Para>Option to edit an open an LC project. </Para> 
	</subReq>
	<subReq ID="RQ3.2.3.2">
		<subTitle>Inputs</subTitle>
		<Para>Mouse click on section within Table of Contents. </Para> 
	</subReq>
	<subReq ID="RQ3.2.3.3">
		<subTitle>Processing</subTitle>
		<Para>Selected section is put into editable text area. </Para> 
	</subReq>
	<subReq ID="RQ3.2.3.4">
		<subTitle>Outputs</subTitle>
		<Para>Section is focused within preview and the given area is visibly now editable. </Para> 
	</subReq>
	<subReq ID="RQ3.2.3.5">
		<subTitle>Error Handling </subTitle>
		<Para>If an error occurs during this processing, the user will be alerted and checked against the schema again.</Para> 
	</subReq>
	</Requirement>
	
	<Requirement ID="RQ3.2.4">
  		<Title>Read Lifecycle Document</Title>
	<subReq ID="RQ3.2.4.1">
		<subTitle>Introduction </subTitle>
		<Para>Existing LC documents are able to be exported as HTML or PDF file. </Para>
	</subReq>
	<subReq ID="RQ3.2.4.2">
		<subTitle>Inputs</subTitle>
		<Para>Project where export button is selected will be input, user will select which document they wish to export. </Para> 
	</subReq>
	<subReq ID="RQ3.2.4.3">
		<subTitle>Processing</subTitle>
		<Para>XSLT processor uses XML and XSLT stylesheet to process HTML or PDF export. </Para> 
	</subReq>
	<subReq ID="RQ3.2.4.4">
		<subTitle>Outputs </subTitle>
		<Para>HTML file is exported based on LC document chosen.</Para> </subReq>
	<subReq ID="RQ3.2.4.5">
		<subTitle>Error Handling </subTitle>
		<Para>Javascript form checking, user will be alerted to any errors in processing.</Para> 
	</subReq>
	</Requirement>
	
	<Requirement ID="RQ3.2.5">
	<Title> Generate RTM </Title>
	<subReq ID="RQ3.2.5.1">
		<subTitle>Introduction </subTitle>
		<Para>Requirements Traceability Matrix is generated based off XML requirements. </Para> 
	</subReq>
	<subReq ID="RQ3.2.5.2">
		<subTitle>Inputs</subTitle>
		<Para>Project selection from user.</Para> 
	</subReq>
	<subReq ID="RQ3.2.5.3">
		<subTitle>Processing</subTitle>
		<Para>Find LC documents from locations in project file. Parse requirements to create a HTML table. </Para> </subReq>
	<subReq ID="RQ3.2.5.4">
		<subTitle>Outputs</subTitle>
		<Para>HTML table with down-loadable CSV.</Para> 
	</subReq>
	<subReq ID="RQ3.2.5.5">
		<subTitle>Error Handling </subTitle>
		<Para>JUser will be alerted to error, document will be rechecked against schema.</Para> 
	</subReq>
	</Requirement>
	</Section>
	
	<Section name="UseCase" ID="RQ3.3">
		<Requirement ID="RQ3.3.1">
		<Title>Create Lifecycle Document </Title>
	<subReq ID="RQ3.3.1.1">
		<subTitle> Brief Description </subTitle>
		<Para> 	User is presented with the option to create a Lifecycle project, or new document within an existing project. The user only needs to input a name, location, and template selection.</Para> 
	</subReq>
	
	<subReq ID="RQ3.3.1.2"> 
		<subTitle>Preconditions</subTitle>
		<Para>The user has started the program.</Para> 
		<Para>A valid template has been selected.</Para> 
	</subReq>
	
	<subReq ID="RQ3.3.1.3">
		<subTitle> Basic Flow of Events </subTitle>
		<Para>User selects create. </Para> 
		<Para>Name, location, and template are input. </Para>
		<Para>Templates are copied to the given location using the name specified. </Para> 
		<Para>Read method is called </Para> 
	</subReq>
	<subReq ID="RQ3.3.1.4">
		<subTitle> Alternate Flows</subTitle>
		<Para> If creating a document within an existing project, location is already specified. </Para> 
	</subReq>
	<subReq ID="RQ3.3.1.5">
		<subTitle>Sub Flows</subTitle>
		<Para>Documents are checked against schema for initial integrity.</Para> 
	</subReq>
	
	<subReq ID="RQ3.3.1.6">
		<subTitle>Post Conditions </subTitle>
		<Para> Project directory is created.</Para>
		<Para> Project file is created containing meta-data and additional project file locations.</Para> 
	</subReq>
	
	
	<subReq ID="RQ3.3.1.7">
		<subTitle> Specific Requirements</subTitle>
		<Para> User is unaware of XML back end implementation</Para>
		<Para> All hardware interfacing is handled by the browser</Para>
		<Para> Must work with Internet Explorer 10</Para> 
		<Para>Must communicate with local file system to create and edit XML files </Para> 
		</subReq>
	<subReq ID="RQ3.3.1.8"> Additional Information 
	</subReq>
		</Requirement>
	
	<Requirement ID="RQ3.3.2">
		<Title>Read Lifecycle Document</Title>
	<subReq ID="RQ3.3.2.1"> 
		<subTitle>Brief Description</subTitle>
		<Para>	User selects to open a LC document in a read-only format.  A file system search is opened.</Para> 
	</subReq>
	<subReq ID="RQ3.3.2.2"> 
		<subTitle>Preconditions</subTitle>
		<Para>	The document to be opened must already exist and match the XML schema. </Para> 
	</subReq>	
	<subReq ID="RQ3.3.2.3"> 
		<subTitle>Basic Flow of Events</subTitle>
		<Para> Open LC document is clicked.  </Para> 
		<Para>User is prompted with search of file system.</Para> 
		<Para>User selects LC project</Para> 
		<Para>LC document is opened in a read-only mode.</Para>
	</subReq>	
	<subReq ID="RQ3.3.2.4">
		<subTitle> Alternate Flows</subTitle>
		<Para> User could open file which does not match XML schema →prompted with error.</Para> 
		<Para> User can click on the read-only document and enable an editing mode.</Para> 
		<Para>User can switch tabs which will open a different document within the project. </Para> 
	</subReq>	
	<subReq ID="RQ3.3.2.5">
		<subTitle> Sub Flows</subTitle>
		<Para>Documents are checked against schema for integrity</Para> 
	</subReq>	
	<subReq ID="RQ3.3.2.6"> 
		<subTitle>Post Conditions</subTitle>
		<Para>Document is opened in read-only mode until user clicks on section to be edited.</Para>
	</subReq>
	<subReq ID="RQ3.3.2.7">
		<subTitle>Specific Requirements</subTitle>
		<Para> User is unaware of XML back end implementation</Para> 
		<Para> System shall present a GUI to users that allow them to develop and edit lifecycle   documents (i.e Requirements, Design, and Test)</Para> 
		<Para>Must work with Internet Explorer 10 </Para> 
		<Para>System shall produce XML instances conformant with an XML schema designed and developed by the team. </Para> 
		<Para> Must communicate with local file system to create and edit XML files</Para> 
	</subReq>
	<subReq ID="RQ3.3.3.8">
		<subTitle>Additional Information</subTitle>
		<Para>Not applicable at this time. </Para> 
	</subReq>
	</Requirement>

	<Requirement ID="RQ3.3.3">
		<Title>Edit Lifecycle Document</Title>
	
	<subReq ID="RQ3.3.3.1">
		<subTitle>Brief Description</subTitle>
		<Para>User selects a section from the Table of Contents. This section is focused in the preview and put into an editable text area. </Para> 
	</subReq>
	<subReq ID="RQ3.3.3.2"> 
		<subTitle>Preconditions</subTitle>
		<Para>A LC project has been opened and checked against the given schema. </Para> 
		<Para>	Table of Contents and preview have been generated and displayed. </Para> 
	</subReq>	
	<subReq ID="RQ3.3.3.3"> 
		<subTitle>Basic Flow of Events</subTitle>
		<Para>User selects a section from the Table of Contents </Para>  
		<Para> This section is focused and made editable</Para> 
		<Para>User makes changes and selects another section or exits </Para> 
		<Para> User is prompted to save any changes.</Para>
	</subReq>	
	<subReq ID="RQ3.3.3.4">
		<subTitle> Alternate Flows</subTitle>
		<Para>No changes are made </Para> 
	</subReq>	
	<subReq ID="RQ3.3.3.5"> 
		<subTitle>Sub Flows</subTitle>
		<Para>Changes are committed to local file </Para> 
	</subReq>	
	<subReq ID="RQ3.3.3.6"> 
		<subTitle>Post Conditions</subTitle>
		<Para> If files are changed, they still match schema</Para> 
	</subReq>
	<subReq ID="RQ3.3.3.7">
		<subTitle>Specific Requirements</subTitle>
		<Para> User is unaware of XML back end implementation</Para> 
		<Para>System shall present a GUI to users that allow them to develop and edit lifecycle documents (i.e Requirements, Design, and Test) </Para> 
		<Para>Ability to view existing requirements, design elements and test cases shall be available at all times </Para> 
		<Para> All hardware interfacing is handled by the browser</Para> 
		<Para>Must work with Internet Explorer 10</Para> 
		<Para>Must communicate with local file system to create and edit XML files </Para> 
	</subReq>
	<subReq ID="RQ3.3.3.8"> 
		<subTitle>Additional Information</subTitle>
		<Para>Not applicable at this time. </Para> 
	</subReq>
	</Requirement>


	<Requirement ID="RQ3.3.4">
		<Title>Export Lifecycle Document</Title>
	
	<subReq ID="RQ3.3.4.1"> 
		<subTitle>Brief Description</subTitle>
		<Para> LC Document will be exported as an HTML file using the XSLT processor based on the defined XML schema.</Para> 
	</subReq>
	<subReq ID="RQ3.3.4.2"> 
		<subTitle>Preconditions</subTitle>
		<Para>XML Schema is defined. </Para> 
		<Para> LC Document contains text.</Para> 
	</subReq>	
	<subReq ID="RQ3.3.4.3"> 
		<subTitle>Basic Flow of Events</subTitle>
		<Para> XML Schema is defined.</Para> 
		<Para> LC Document is opened and being viewed/edited.</Para>
		<Para>User clicks Export LC Document.</Para> 
		<Para> User is prompted for name of file to be exported.</Para> 
		<Para> XSLT processor uses XML schema to create HTML file.</Para> 
	</subReq>	
	<subReq ID="RQ3.3.4.4"> 
		<subTitle>Alternate Flows</subTitle>
		<Para> User can be asked which export file format is appropriate.</Para>
		<Para>User can choose between HTML and PDF. </Para> 
	</subReq>	
	<subReq ID="RQ3.3.4.5"> 
		<subTitle>Sub Flows</subTitle>
		<Para> Documents are checked against schema for integrity.</Para> 
	</subReq>	
	<subReq ID="RQ3.3.4.6"> 
		<subTitle>Post Conditions</subTitle>
		<Para>HTML file is exported and viewable in browser. </Para> 
	</subReq>
	<subReq ID="RQ3.3.4.7"> 
		<subTitle>Specific Requirements</subTitle>
		<Para> System shall present a GUI to users that allow them to develop and edit lifecycle documents (i.e Requirements, Design, and Test)</Para> 
		<Para> All hardware interfacing is handled by the browser</Para> 
		<Para>Must work with Internet Explorer 10 </Para> 
		<Para>Program should be capable of running XSLT processing for HTML and PDF output. </Para> 
		<Para>An XML instance shall be transformed, via XSLT designed and developed by the team into an HTML-based interactive document </Para> 
		<Para>Must communicate with local file system to create and edit XML files</Para> 
	</subReq>
	<subReq ID="RQ3.3.4.8"> 
		<subTitle>Additional Information</subTitle>
		<Para> Not applicable at this time. </Para> 
	</subReq>
	</Requirement>
	
	<Requirement ID="RQ3.3.5">
		<Title ID="3.3.5">Generate RTM</Title>
	
	<subReq ID="RQ3.3.5.1"> 
		<subTitle>Brief Description</subTitle>
		<Para> A RTM should be generated from the requirements, use cases, and test cases within a project. This will be displayed as an HTML table while giving the user the ability to download it as a CSV.</Para> 
	</subReq>
	<subReq ID="RQ3.3.5.2"> 
		<subTitle>Preconditions</subTitle>
		<Para>An project is open and the documents follow a given schema</Para> 
	</subReq>	
	<subReq ID="RQ3.3.5.3"> 
		<subTitle>Basic Flow of Events</subTitle>
		<Para> User clicks generate RTM</Para>
		<Para> Requirements document is scanned, assigning an ID to each requirement for easy navigation</Para>
		<Para>Use and test case documents are scanned for these requirements</Para>
		<Para> Found instances are noted on table</Para>
		<Para>HTML and CSV are generated and displayed </Para> 
	</subReq>	
	<subReq ID="RQ3.3.5.4"> 
		<subTitle>Alternate Flows</subTitle>
		<Para> If the desired document does not exist, those cells will be left blank</Para> 
	</subReq>	
	<subReq ID="RQ3.3.5.5"> 
		<subTitle>Sub Flows</subTitle>
		<Para>CSV is generated from table </Para> 
		<Para>If button is pressed, download is presented to user </Para> 
	</subReq>	
	<subReq ID="RQ3.3.5.6"> 
		<subTitle>Post Conditions</subTitle>
		<Para> None</Para> 
	</subReq>
	<subReq ID="RQ3.3.5.7"> 
		<subTitle>Specific Requirements</subTitle>
		<Para> User is unaware of XML back end implementation</Para>
		<Para>System shall present a GUI to users that allow them to develop and edit lifecycle documents (i.e Requirements, Design, and Test) </Para>
		<Para>Must work with Internet Explorer 10</Para>
		<Para>System shall produce XML instances conformant with an XML schema designed and developed by the team. </Para>
		<Para>  System shall be able to auto-generate a Requirements Traceability Matrix at any point during development</Para> 
		<Para>Must communicate with local file system to create and edit XML files</Para>
	</subReq>
	<subReq ID="RQ3.3.5.8"> 
		<subTitle>Additional Information</subTitle>
		<Para>Not applicable at this time. </Para> 
	</subReq>
	</Requirement>

<Requirement ID="RQ3.3.6">
		<Title>Quit Program</Title>
	
	<subReq ID="RQ3.3.6.1"> 
		<subTitle>Brief Description</subTitle>
		<Para>Browser close button will exit the LC Project Manager. </Para> 
	</subReq>
	<subReq ID="RQ3.3.6.2"> 
		<subTitle>Preconditions</subTitle>
		<Para>Software is open.</Para> 
	</subReq>	
	<subReq ID="RQ3.3.6.3"> 
		<subTitle>Basic Flow of Events</subTitle>
		<Para> User decides they wants to exit program</Para>
		<Para> User clicks close browser.</Para>
		<Para>Browser unload prompts user to save</Para>
		<Para>Program is terminated.</Para> 
	</subReq>	
	<subReq ID="RQ3.3.6.4"> 
		<subTitle>Alternate Flows</subTitle>
		<Para>Not applicable.</Para> 
	</subReq>	
	<subReq ID="RQ3.3.6.5"> 
		<subTitle>Sub Flows</subTitle>
		<Para>Not applicable.</Para> 
	</subReq>	
	<subReq ID="RQ3.3.6.6"> 
		<subTitle>Post Conditions</subTitle>
		<Para> Program is terminated.</Para> 
	</subReq>
	<subReq ID="RQ3.3.6.7"> 
		<subTitle>Specific Requirements</subTitle>
		<Para>All hardware interfacing is handled by the browser</Para>
		<Para>Must work with Internet Explorer 10 </Para> 
	</subReq>
	<subReq ID="RQ3.3.6.8"> 
		<subTitle>Additional Information</subTitle>
		<Para> Not applicable at this time. </Para>
	</subReq>
</Requirement>
</Section>
<!--THIS WILL BE IN NEXT VERSION
  		--THIS WILL BE IN NEXT VERSION
  		--THIS WILL BE IN NEXT VERSION
  		--THIS WILL BE IN NEXT VERSION
  	--THIS WILL BE IN NEXT VERSION
<Classes ID="3.4">
Will be included in next version.
<Class ID="3.4.1">
<Attributes ID="3.4.1.1"> </Attributes>
<Functions ID="3.4.1.2"> </Functions>
</Class>
</Classes>

<NonFunctionalRequirements ID="3.5">
<Performance ID="3.5.1"> No performance requirements listed. Reasonable access time is ideal: no greater than 10 seconds. </Performance>

<Reliability ID="3.5.2"> Product must run locally. Internet access is not needed. </Reliability>

<Availability ID="3.5.3"> Product is available to run on any system with Internet Explorer 10 </Availability>

<Security ID="3.5.4"> Product is ran on local machine without Internet access. Prevents any external threats. </Security>

<Maintainability ID="3.5.5"> The system will be designed by our team and maintained by NUWC.
</Maintainability>

<Portability ID="3.5.6"> The system is a non-install and is portable to any machine running Windows 7 and using Internet Explorer 10. </Portability>
</NonFunctionalRequirements>

<InverseRequirements ID="3.6"> 
Product is not designed to function correctly in any browser other than Internet Explorer 10.
</InverseRequirements>

<DesignConstraints ID="3.7"> 
Product will run on Windows 7 operating system using IE. Access to the Internet is prohibited. 
</DesignConstraints>

<LogicalDatabaseRequirements ID="3.8">
Database access is prohibited. The system will run locally without Internet access.
</LogicalDatabaseRequirements>
-->
</SpecificRequirements>
<!--
<AnalysisModels ID="4.0">
List all analysis models used in developing specific requirements previously given in this SRS.  Each model should include an introduction and a narrative description.  Furthermore, each model should be traceable the SRS’s requirements.
<SequenceDiagrams ID="4.1">
See Appendices A1
</SequenceDiagrams>

<StateTransitionDiagrams ID="4.2">
See Appendices A3-A8.
</StateTransitionDiagrams>

<DataFlowDiagrams ID="4.3">
See Appendices A2
</DataFlowDiagrams>
</AnalysisModels>

<ChangeManagementProcess ID="5.0">
Changes will be acknowledged by changing the version number of the document.  Changes will initially be marked in red until changes are approved by the entire team and the team supervisor, Mr. Grimley.
</ChangeManagementProcess>
-->
</SoftwareRequirementsSpecification>


