<?xml version="1.0" encoding="UTF-8"?>

<?xml-stylesheet type="text/xsl" href="NotionalSRS12.xsl"?>

<SoftwareRequirementsDocument projectName="Lifecycle Documents with Requirements Tracking" xmlns:xsi="http://www.w3.org/2001/XMLSchema-instance" xsi:noNamespaceSchemaLocation="NotionalSRS13_no_errors_but_unfinished.xsd">
  
 

 <!--Introduction--> 
  
	<Introduction>
		<Team>
			<TeamMember>
				<Name>Jeremiah Butler</Name>
				<Role>Team Lead</Role>  
			</TeamMember>
			<TeamMember>
				<Name>Peter Magalhaes</Name>
				<Role>Team Member</Role>
			</TeamMember>
			<TeamMember>
				<Name>Aria Ushani</Name>
				<Role>Team Member</Role>
			</TeamMember>
			<TeamMember>
				<Name>Kevin Palmer</Name>
				<Role>Team Member</Role>
			</TeamMember>
		</Team>
		
		<Section id="RQ1.0">
		<Title>Introduction</Title>
      <Para>The Software Requirements Specification details the extent of NUWC’s Lifecycle Project Manager. The product’s main feature is it’s ability to create and manage lifecycle documents using a graphical user interface. The lifecycle documents will be organized and exported using an XML Schema. This can be accomplished by a user who has no knowledge of the XML language. This document will review all the basic functionality required for a user to edit, create, and manage lifecycle projects.
	  </Para>    
		</Section>
		
		<Section id="RQ1.1">
			<Title>Purpose</Title>
			<Para> To provide a detailed description of how the product will produce it’s lifecycle documents as well as edit and export them. It also overviews the basic functional requirements requested by the customer.
			</Para>
		</Section>
		
		<Section id="RQ1.2">
		<Title>Scope</Title>
		<Para>The Lifecycle Project Manager will create and edit projects and lifecycle documents. It will serve as a cheap but easy to use software that allows users to input their own data and organize based on an XML schema. The product will export the lifecycle documents as PDF and HTML, as well as print out a requirements traceability matrix.
		</Para>
		</Section>
		<Section id="RQ1.3">
		<Title>Definitions </Title>
		<Para>API - Application Programming Interface</Para>
		<Para>CSS - Cascading Style Sheet</Para>
		<Para>CSV - Comma Separated Value</Para>
		<Para>GUI - Graphical User Interface</Para>
		<Para>HTML - HyperText Markup Language</Para>
		<Para>JS - Javascript</Para>
		<Para>LC - Lifecycle</Para>
		<Para>NUWC - Naval Undersea Warfare Center Division Newport</Para>
		<Para>PDF - Portable Document Format</Para>
		<Para>RTM - Requirements Traceability Matrix</Para>
		<Para>UMASSD - University of Massachusetts: Dartmouth</Para>
		<Para>XML - Extensible Markup Language</Para>
		</Section>
		
		<Section id="RQ1.4">
		<Title>Overview</Title>
		<Para>The SRS contains explicit details describing how the product is designed and implemented. It is organized in a top-down layered approach. The goal of this project is to create a protoype application capable of allowing a user to productively manage lifecycle documentation in XML without an previous XML experience. 
		</Para>
		</Section>
	</Introduction>
   
 <!--SECTION 2-->
 
  <GeneralDescription id="RQ2.0">
  	<Section id="RQ2.1">
	<Title>Product Perspective </Title>
  	<Para>Our project team design goal is to develop a software solution to the proposal offered by NUWC. The design will accommodate for previous user complaints and shortcoming. It will also replace manual spreadsheet entries into a database. The software will also automate the process of generating a RTM. It will be a new, self-contained, web-based solution that requires minimal constraints. The design goal is to provide a tabular method of viewing multiple documents simultaneously to promote user productivity.
  	</Para>
  	</Section>
  	<Section id="RQ2.2">
  	<Title>Product Functions </Title>
  	<Para>The software will prompt the user to open a new project or create a new one. When the user selects new project it presents the user with a set default templates which have been checked against a defined XML schema. These templates will be saved with the filename specified by the user. The user can then edit these templates with their information. The user can define requirements which will be traced throughout other documents in the project. After the documents have been saved, the user can select to create a RTM (Requirement Traceability Matrix) from the XML templates which the user has created and modified. 
  	</Para>
  	</Section>
  	<Section id="RQ2.3">
  	<Title>User Characteristics</Title>
      <Para>This product is intended to be used by a non-technical user who may have no knowledge of the XML language. There will be no user groups, or administrator authentications. The user will be assumed to have access once the user is able to log into the computer where the software is stored.
      </Para>
  	</Section>
  	<Section id="RQ2.4">
  	<Title>General Constraints</Title>
     
      <Para>The software will run on a Microsoft Windows 7 platform within Microsoft Internet Explorer browser. </Para>
	  
      <Para>The use of a database is prohibited and there is also no Internet connection available.</Para>
	  
	  <Para>The software must implement an XML schema developed by the team. The schema helps keep the document structured and search-able. </Para>
	  
	  <Para>By using an XML schema and an XLST processor, the user will have the ability to export documents as either an HTML or PDF.</Para>  
  	</Section>
  	<Section id="RQ2.5">
  	<Title>Assumptions</Title>
      <Para>One dependency would be the available browser. If this were to change our application may break or provide an unintended appearance or functionality to the user.</Para>
	  
      <Para> product will create a directory for all of the created/edited LC documents, and the user will have permission on the local machine for the software to function as intended.</Para>
	  
	  <Para>The team must also assume the user is capable of creating and editing technical documentation. </Para>
	  
	  <Para>Lastly, one major assumption is user has no knowledge of XML and the user should have not have to see what is happening behind the scenes while creating the project and exporting the documents.
	  </Para>
  	</Section>
  </GeneralDescription>
<!--END Section 2-->
  
<!--SECTION 3-->  
	
  <SpecificRequirements id="RQ3.0">
  	<Section name="ExternalInterfaceRequirements" id="RQ3.1">
  	<Requirement id="RQ3.1.1"> 
  		<Title> User Interfaces </Title>
		<Para>The user interface should be easy to use and have simple text boxes and an active table of contents menu, and a preview of the document selected in a preview pane. Since the user is unaware of the XML back end implementation, a GUI must be driven from XML to allow for easy adaptation.
		</Para>
		<Requirement id="RQ3.1.1.1">
			<Para>User is unaware of XML back end implementation.</Para>
		</Requirement>
		<Requirement id="RQ3.1.1.2">
			<Para>System shall present a GUI to users that allow them to develop and edit lifecycle documents (i.e Requirements, Design, and Test)</Para>
		</Requirement>
		<Requirement id="RQ3.1.1.3">
			<Para>Ability to view existing requirements, design elements and test cases shall be available at all times. </Para>
		</Requirement>
  	</Requirement>
  		
  		
  		<Requirement id="RQ3.1.2">
  		<Title>HardwareInterfaces</Title>
  		<Para> The application will be able to operate on a modern Microsoft Windows operating computer, that has an active installation of Microsoft Internet Explorer. Since there will be no network connection available, there is no requirement to interface to a network, however, the software solution will be web-based and address some scalability issues. All other hardware interfacing will be handled by the operating system, or the browser. 
  		</Para>
		<Requirement id="RQ3.1.2.1"> 
			<Para> All hardware interfacing is handled by the browser.</Para>
		</Requirement>
  		</Requirement>
		
		<Requirement id="RQ3.1.3">
  		<Title>Software Interfaces</Title>
			<Para>The XML Schema will be developed by the team, and the RTM will be auto-generated upon request. The XSLT processor will be used to convert the XML lifecycle documentation into HTML or PDF documents. The software will also use Internet Explorer as the main software interface.</Para>
			<Requirement id="RQ3.1.3.1">
				<Para>Must work with Internet Explorer 10.</Para>
			</Requirement>
			<Requirement id="RQ3.1.3.2">
				<Para>Program should be capable of running XSLT processing for HTML and PDF output. An XML instance shall be transformed, via XSLT designed and developed by the team into an HTML-based interactive document.</Para>
			</Requirement>
			<Requirement id="RQ3.1.3.3">
				<Para>System shall provide a mechanism to associate related parts of each document. (e.g. Requirement x is associated with design element y and test case z).</Para>
			</Requirement>
			<Requirement id="RQ3.1.3.4">
				<Para>System shall produce XML instances conformant with an XML schema designed and developed by the team.</Para>
			</Requirement>
			<Requirement id="RQ3.1.3.5">
				<Para>System shall be able to auto-generate a Requirements Traceability Matrix at any point during development.</Para>
			</Requirement>			
		</Requirement>
  		
  		<Requirement id="RQ3.1.4">
				<Title>Communication Interfaces</Title>
			<Para>The software solution will not need to communicate outside the local machine, since there will may be no network available. </Para>
			<Requirement id="RQ3.1.4.1">
				<Para>Must communicate with local file system to create and edit XML files</Para>
			</Requirement>
  		</Requirement>
  	</Section>


  
  	<Section name="FunctionalRequirements" id="RQ3.2">
      <Para>Important features of the software project include creation of a Requirement Traceability Matrix (RTM) with the option as exporting as a ‘.csv’ file. Other functionality include user being able to add and implement their own templates for use.</Para>
		
  		<Requirement id="RQ3.2.1">
  		<Title> Create Lifecycle Project </Title>
	<Requirement id="RQ3.2.1.1">
		<Title>Introduction</Title>
		<Para>Option to create a new LC project.</Para> 
	</Requirement>
	<Requirement id="RQ3.2.1.2">
		<Title>Inputs</Title>
		<Para>Input project name and template selection.</Para> 
	</Requirement>
	<Requirement id="RQ3.2.1.3">
		<Title>Processing</Title>
		<Para>Create project directory.  Existing files may be added to project if needed.</Para> 
	</Requirement>
	<Requirement id="RQ3.2.1.4">
		<Title>Outputs</Title>
		<Para> Project directory created. XML template is selected. </Para> 
	</Requirement>
	<Requirement id="RQ3.2.1.5">
		<Title>Error Handling</Title>
		<Para>JScript form checking. </Para> 
	</Requirement>
		</Requirement>
	
  		<Requirement id="RQ3.2.2">
  		<Title>Read Lifecycle Document </Title>
		<Requirement id="RQ3.2.2.1">
		<Title>Introduction </Title>
		<Para>Option to open an LC project.</Para> 
	</Requirement>
	<Requirement id="RQ3.2.2.2">
		<Title>Inputs</Title>
		<Para>Browse for a project name. </Para> 
	</Requirement>
	<Requirement id="RQ3.2.2.3">
		<Title>Processing</Title>
		<Para>Open project directory.  Parse XML for requirements, create array of sections for Table of Contents and preview. </Para>
	</Requirement>
	<Requirement id="RQ3.2.2.4">
		<Title>Outputs</Title>
		<Para>Display Table of Contents and preview. </Para> 
	</Requirement>
	<Requirement id="RQ3.2.2.5">
		<Title>Error Handling</Title>
		<Para>Browsing keeps user from entering invalid file location. XML schema ensures documents can be handled by our system.</Para> 
	</Requirement>
  		</Requirement>
	
	<Requirement id="RQ3.2.3">
  <Title>Read Lifecycle Document</Title>
	<Requirement id="RQ3.2.3.1">
		<Title>Introduction </Title>
		<Para>Option to edit an open an LC project. </Para> 
	</Requirement>
	<Requirement id="RQ3.2.3.2">
		<Title>Inputs</Title>
		<Para>Mouse click on section within Table of Contents. </Para> 
	</Requirement>
	<Requirement id="RQ3.2.3.3">
		<Title>Processing</Title>
		<Para>Selected section is put into editable text area. </Para> 
	</Requirement>
	<Requirement id="RQ3.2.3.4">
		<Title>Outputs</Title>
		<Para>Section is focused within preview and the given area is visibly now editable. </Para> 
	</Requirement>
	<Requirement id="RQ3.2.3.5">
		<Title>Error Handling </Title>
		<Para>If an error occurs during this processing, the user will be alerted and checked against the schema again.</Para> 
	</Requirement>
	</Requirement>
	
	<Requirement id="RQ3.2.4">
  		<Title>Read Lifecycle Document</Title>
	<Requirement id="RQ3.2.4.1">
		<Title>Introduction </Title>
		<Para>Existing LC documents are able to be exported as HTML or PDF file. </Para>
	</Requirement>
	<Requirement id="RQ3.2.4.2">
		<Title>Inputs</Title>
		<Para>Project where export button is selected will be input, user will select which document they wish to export. </Para> 
	</Requirement>
	<Requirement id="RQ3.2.4.3">
		<Title>Processing</Title>
		<Para>XSLT processor uses XML and XSLT stylesheet to process HTML or PDF export. </Para> 
	</Requirement>
	<Requirement id="RQ3.2.4.4">
		<Title>Outputs </Title>
		<Para>HTML file is exported based on LC document chosen.</Para> </Requirement>
	<Requirement id="RQ3.2.4.5">
		<Title>Error Handling </Title>
		<Para>Javascript form checking, user will be alerted to any errors in processing.</Para> 
	</Requirement>
	</Requirement>
	
	<Requirement id="RQ3.2.5">
	<Title> Generate RTM </Title>
	<Requirement id="RQ3.2.5.1">
		<Title>Introduction </Title>
		<Para>Requirements Traceability Matrix is generated based off XML requirements. </Para> 
	</Requirement>
	<Requirement id="RQ3.2.5.2">
		<Title>Inputs</Title>
		<Para>Project selection from user.</Para> 
	</Requirement>
	<Requirement id="RQ3.2.5.3">
		<Title>Processing</Title>
		<Para>Find LC documents from locations in project file. Parse requirements to create a HTML table. </Para> </Requirement>
	<Requirement id="RQ3.2.5.4">
		<Title>Outputs</Title>
		<Para>HTML table with down-loadable CSV.</Para> 
	</Requirement>
	<Requirement id="RQ3.2.5.5">
		<Title>Error Handling </Title>
		<Para>JUser will be alerted to error, document will be rechecked against schema.</Para> 
	</Requirement>
	</Requirement>
	</Section>
	
	<Section name="UseCase" id="RQ3.3">
		<Requirement id="RQ3.3.1">
		<Title>Create Lifecycle Document </Title>
	<Requirement id="RQ3.3.1.1">
		<Title> Brief Description </Title>
		<Para> 	User is presented with the option to create a Lifecycle project, or new document within an existing project. The user only needs to input a name, location, and template selection.</Para> 
	</Requirement>
	
	<Requirement id="RQ3.3.1.2"> 
		<Title>Preconditions</Title>
		<Para>The user has started the program.</Para> 
		<Para>A valid template has been selected.</Para> 
	</Requirement>
	
	<Requirement id="RQ3.3.1.3">
		<Title> Basic Flow of Events </Title>
		<Para>User selects create. </Para> 
		<Para>Name, location, and template are input. </Para>
		<Para>Templates are copied to the given location using the name specified. </Para> 
		<Para>Read method is called </Para> 
	</Requirement>
	<Requirement id="RQ3.3.1.4">
		<Title> Alternate Flows</Title>
		<Para> If creating a document within an existing project, location is already specified. </Para> 
	</Requirement>
	<Requirement id="RQ3.3.1.5">
		<Title>Sub Flows</Title>
		<Para>Documents are checked against schema for initial integrity.</Para> 
	</Requirement>
	
	<Requirement id="RQ3.3.1.6">
		<Title>Post Conditions </Title>
		<Para> Project directory is created.</Para>
		<Para> Project file is created containing meta-data and additional project file locations.</Para> 
	</Requirement>
	
	
	<Requirement id="RQ3.3.1.7">
		<Title> Specific Requirements</Title>
		<Para> User is unaware of XML back end implementation</Para>
		<Para> All hardware interfacing is handled by the browser</Para>
		<Para> Must work with Internet Explorer 10</Para> 
		<Para>Must communicate with local file system to create and edit XML files </Para> 
		</Requirement>
	<Requirement id="RQ3.3.1.8"> 
		<Title>Additional Information</Title>
	</Requirement>
		</Requirement>
	
	<Requirement id="RQ3.3.2">
		<Title>Read Lifecycle Document</Title>
	<Requirement id="RQ3.3.2.1"> 
		<Title>Brief Description</Title>
		<Para>	User selects to open a LC document in a read-only format.  A file system search is opened.</Para> 
	</Requirement>
	<Requirement id="RQ3.3.2.2"> 
		<Title>Preconditions</Title>
		<Para>	The document to be opened must already exist and match the XML schema. </Para> 
	</Requirement>	
	<Requirement id="RQ3.3.2.3"> 
		<Title>Basic Flow of Events</Title>
		<Para> Open LC document is clicked.  </Para> 
		<Para>User is prompted with search of file system.</Para> 
		<Para>User selects LC project</Para> 
		<Para>LC document is opened in a read-only mode.</Para>
	</Requirement>	
	<Requirement id="RQ3.3.2.4">
		<Title> Alternate Flows</Title>
		<Para> User could open file which does not match XML schema →prompted with error.</Para> 
		<Para> User can click on the read-only document and enable an editing mode.</Para> 
		<Para>User can switch tabs which will open a different document within the project. </Para> 
	</Requirement>	
	<Requirement id="RQ3.3.2.5">
		<Title> Sub Flows</Title>
		<Para>Documents are checked against schema for integrity</Para> 
	</Requirement>	
	<Requirement id="RQ3.3.2.6"> 
		<Title>Post Conditions</Title>
		<Para>Document is opened in read-only mode until user clicks on section to be edited.</Para>
	</Requirement>
	<Requirement id="RQ3.3.2.7">
		<Title>Specific Requirements</Title>
		<Para> User is unaware of XML back end implementation</Para> 
		<Para> System shall present a GUI to users that allow them to develop and edit lifecycle   documents (i.e Requirements, Design, and Test)</Para> 
		<Para>Must work with Internet Explorer 10 </Para> 
		<Para>System shall produce XML instances conformant with an XML schema designed and developed by the team. </Para> 
		<Para> Must communicate with local file system to create and edit XML files</Para> 
	</Requirement>
	<Requirement id="RQ3.3.2.8">
		<Title>Additional Information</Title>
		<Para>Not applicable at this time. </Para> 
	</Requirement>
	</Requirement>

	<Requirement id="RQ3.3.3">
		<Title>Edit Lifecycle Document</Title>
	
	<Requirement id="RQ3.3.3.1">
		<Title>Brief Description</Title>
		<Para>User selects a section from the Table of Contents. This section is focused in the preview and put into an editable text area. </Para> 
	</Requirement>
	<Requirement id="RQ3.3.3.2"> 
		<Title>Preconditions</Title>
		<Para>A LC project has been opened and checked against the given schema. </Para> 
		<Para>	Table of Contents and preview have been generated and displayed. </Para> 
	</Requirement>	
	<Requirement id="RQ3.3.3.3"> 
		<Title>Basic Flow of Events</Title>
		<Para>User selects a section from the Table of Contents </Para>  
		<Para> This section is focused and made editable</Para> 
		<Para>User makes changes and selects another section or exits </Para> 
		<Para> User is prompted to save any changes.</Para>
	</Requirement>	
	<Requirement id="RQ3.3.3.4">
		<Title> Alternate Flows</Title>
		<Para>No changes are made </Para> 
	</Requirement>	
	<Requirement id="RQ3.3.3.5"> 
		<Title>Sub Flows</Title>
		<Para>Changes are committed to local file </Para> 
	</Requirement>	
	<Requirement id="RQ3.3.3.6"> 
		<Title>Post Conditions</Title>
		<Para> If files are changed, they still match schema</Para> 
	</Requirement>
	<Requirement id="RQ3.3.3.7">
		<Title>Specific Requirements</Title>
		<Para> User is unaware of XML back end implementation</Para> 
		<Para>System shall present a GUI to users that allow them to develop and edit lifecycle documents (i.e Requirements, Design, and Test) </Para> 
		<Para>Ability to view existing requirements, design elements and test cases shall be available at all times </Para> 
		<Para> All hardware interfacing is handled by the browser</Para> 
		<Para>Must work with Internet Explorer 10</Para> 
		<Para>Must communicate with local file system to create and edit XML files </Para> 
	</Requirement>
	<Requirement id="RQ3.3.3.8"> 
		<Title>Additional Information</Title>
		<Para>Not applicable at this time. </Para> 
	</Requirement>
	</Requirement>


	<Requirement id="RQ3.3.4">
		<Title>Export Lifecycle Document</Title>
	
	<Requirement id="RQ3.3.4.1"> 
		<Title>Brief Description</Title>
		<Para> LC Document will be exported as an HTML file using the XSLT processor based on the defined XML schema.</Para> 
	</Requirement>
	<Requirement id="RQ3.3.4.2"> 
		<Title>Preconditions</Title>
		<Para>XML Schema is defined. </Para> 
		<Para> LC Document contains text.</Para> 
	</Requirement>	
	<Requirement id="RQ3.3.4.3"> 
		<Title>Basic Flow of Events</Title>
		<Para> XML Schema is defined.</Para> 
		<Para> LC Document is opened and being viewed/edited.</Para>
		<Para>User clicks Export LC Document.</Para> 
		<Para> User is prompted for name of file to be exported.</Para> 
		<Para> XSLT processor uses XML schema to create HTML file.</Para> 
	</Requirement>	
	<Requirement id="RQ3.3.4.4"> 
		<Title>Alternate Flows</Title>
		<Para> User can be asked which export file format is appropriate.</Para>
		<Para>User can choose between HTML and PDF. </Para> 
	</Requirement>	
	<Requirement id="RQ3.3.4.5"> 
		<Title>Sub Flows</Title>
		<Para> Documents are checked against schema for integrity.</Para> 
	</Requirement>	
	<Requirement id="RQ3.3.4.6"> 
		<Title>Post Conditions</Title>
		<Para>HTML file is exported and viewable in browser. </Para> 
	</Requirement>
	<Requirement id="RQ3.3.4.7"> 
		<Title>Specific Requirements</Title>
		<Para> System shall present a GUI to users that allow them to develop and edit lifecycle documents (i.e Requirements, Design, and Test)</Para> 
		<Para> All hardware interfacing is handled by the browser</Para> 
		<Para>Must work with Internet Explorer 10 </Para> 
		<Para>Program should be capable of running XSLT processing for HTML and PDF output. </Para> 
		<Para>An XML instance shall be transformed, via XSLT designed and developed by the team into an HTML-based interactive document </Para> 
		<Para>Must communicate with local file system to create and edit XML files</Para> 
	</Requirement>
	<Requirement id="RQ3.3.4.8"> 
		<Title>Additional Information</Title>
		<Para> Not applicable at this time. </Para> 
	</Requirement>
	</Requirement>
	
	<Requirement id="RQ3.3.5">
		<Title>Generate RTM</Title>
	
	<Requirement id="RQ3.3.5.1"> 
		<Title>Brief Description</Title>
		<Para> A RTM should be generated from the requirements, use cases, and test cases within a project. This will be displayed as an HTML table while giving the user the ability to download it as a CSV.</Para> 
	</Requirement>
	<Requirement id="RQ3.3.5.2"> 
		<Title>Preconditions</Title>
		<Para>An project is open and the documents follow a given schema</Para> 
	</Requirement>	
	<Requirement id="RQ3.3.5.3"> 
		<Title>Basic Flow of Events</Title>
		<Para> User clicks generate RTM</Para>
		<Para> Requirements document is scanned, assigning an ID to each requirement for easy navigation</Para>
		<Para>Use and test case documents are scanned for these requirements</Para>
		<Para> Found instances are noted on table</Para>
		<Para>HTML and CSV are generated and displayed </Para> 
	</Requirement>	
	<Requirement id="RQ3.3.5.4"> 
		<Title>Alternate Flows</Title>
		<Para> If the desired document does not exist, those cells will be left blank</Para> 
	</Requirement>	
	<Requirement id="RQ3.3.5.5"> 
		<Title>Sub Flows</Title>
		<Para>CSV is generated from table </Para> 
		<Para>If button is pressed, download is presented to user </Para> 
	</Requirement>	
	<Requirement id="RQ3.3.5.6"> 
		<Title>Post Conditions</Title>
		<Para> None</Para> 
	</Requirement>
	<Requirement id="RQ3.3.5.7"> 
		<Title>Specific Requirements</Title>
		<Para> User is unaware of XML back end implementation</Para>
		<Para>System shall present a GUI to users that allow them to develop and edit lifecycle documents (i.e Requirements, Design, and Test) </Para>
		<Para>Must work with Internet Explorer 10</Para>
		<Para>System shall produce XML instances conformant with an XML schema designed and developed by the team. </Para>
		<Para>  System shall be able to auto-generate a Requirements Traceability Matrix at any point during development</Para> 
		<Para>Must communicate with local file system to create and edit XML files</Para>
	</Requirement>
	<Requirement id="RQ3.3.5.8"> 
		<Title>Additional Information</Title>
		<Para>Not applicable at this time. </Para> 
	</Requirement>
	</Requirement>

<Requirement id="RQ3.3.6">
		<Title>Quit Program</Title>
	
	<Requirement id="RQ3.3.6.1"> 
		<Title>Brief Description</Title>
		<Para>Browser close button will exit the LC Project Manager. </Para> 
	</Requirement>
	<Requirement id="RQ3.3.6.2"> 
		<Title>Preconditions</Title>
		<Para>Software is open.</Para> 
	</Requirement>	
	<Requirement id="RQ3.3.6.3"> 
		<Title>Basic Flow of Events</Title>
		<Para> User decides they wants to exit program</Para>
		<Para> User clicks close browser.</Para>
		<Para>Browser unload prompts user to save</Para>
		<Para>Program is terminated.</Para> 
	</Requirement>	
	<Requirement id="RQ3.3.6.4"> 
		<Title>Alternate Flows</Title>
		<Para>Not applicable.</Para> 
	</Requirement>	
	<Requirement id="RQ3.3.6.5"> 
		<Title>Sub Flows</Title>
		<Para>Not applicable.</Para> 
	</Requirement>	
	<Requirement id="RQ3.3.6.6"> 
		<Title>Post Conditions</Title>
		<Para> Program is terminated.</Para> 
	</Requirement>
	<Requirement id="RQ3.3.6.7"> 
		<Title>Specific Requirements</Title>
		<Para>All hardware interfacing is handled by the browser</Para>
		<Para>Must work with Internet Explorer 10 </Para> 
	</Requirement>
	<Requirement id="RQ3.3.6.8"> 
		<Title>Additional Information</Title>
		<Para> Not applicable at this time. </Para>
	</Requirement>
</Requirement>
</Section>
<!--THIS WILL BE IN NEXT VERSION
  		THIS WILL BE IN NEXT VERSION
  		THIS WILL BE IN NEXT VERSION
  		THIS WILL BE IN NEXT VERSION
  	THIS WILL BE IN NEXT VERSION
<Classes id="3.4">
Will be included in next version.
<Class id="3.4.1">
<Attributes id="3.4.1.1"> </Attributes>
<Functions id="3.4.1.2"> </Functions>
</Class>
</Classes>

<NonFunctionalRequirements id="3.5">
<Performance id="3.5.1"> No performance requirements listed. Reasonable access time is ideal: no greater than 10 seconds. </Performance>

<Reliability id="3.5.2"> Product must run locally. Internet access is not needed. </Reliability>

<Availability id="3.5.3"> Product is available to run on any system with Internet Explorer 10 </Availability>

<Security id="3.5.4"> Product is ran on local machine without Internet access. Prevents any external threats. </Security>

<Maintainability id="3.5.5"> The system will be designed by our team and maintained by NUWC.
</Maintainability>

<Portability id="3.5.6"> The system is a non-install and is portable to any machine running Windows 7 and using Internet Explorer 10. </Portability>
</NonFunctionalRequirements>

<InverseRequirements id="3.6"> 
Product is not designed to function correctly in any browser other than Internet Explorer 10.
</InverseRequirements>

<DesignConstraints id="3.7"> 
Product will run on Windows 7 operating system using IE. Access to the Internet is prohibited. 
</DesignConstraints>

<LogicalDatabaseRequirements id="3.8">
Database access is prohibited. The system will run locally without Internet access.
</LogicalDatabaseRequirements>
-->
</SpecificRequirements>
<!--
<AnalysisModels id="4.0">
List all analysis models used in developing specific requirements previously given in this SRS.  Each model should include an introduction and a narrative description.  Furthermore, each model should be traceable the SRS’s requirements.
<SequenceDiagrams id="4.1">
See Appendices A1
</SequenceDiagrams>

<StateTransitionDiagrams id="4.2">
See Appendices A3-A8.
</StateTransitionDiagrams>

<DataFlowDiagrams id="4.3">
See Appendices A2
</DataFlowDiagrams>
</AnalysisModels>

<ChangeManagementProcess id="5.0">
Changes will be acknowledged by changing the version number of the document.  Changes will initially be marked in red until changes are approved by the entire team and the team supervisor, Mr. Grimley.
</ChangeManagementProcess>
-->
</SoftwareRequirementsDocument>


