<Requirements>
    <Requirement>
        <name>XML use must be transparent</name>
        <section>4.1.1</section>
        <id>0</id>
    </Requirement>
    <Requirement>
        <name>Run in windows 7</name>
        <section>4.1.2</section>
        <id>1</id>
    </Requirement>
    <Requirement>
        <name>Fully compatable with IE</name>
        <section>4.1.3</section>
        <id>2</id>
    </Requirement>
    <Requirement>
        <name>Export to HTML</name>
        <section>4.1.4</section>
        <id>3</id>
    </Requirement>
    <Requirement>
        <name>Export to PDF</name>
        <section>4.1.5</section>
        <id>4</id>
    </Requirement>
    <Requirement>
        <name>Requirements Tracability Matrix!</name>
        <section>4.1.6</section>
        <id>5</id>
    </Requirement>
</Requirements>