<?xml version="1.0" encoding="UTF-8"?>
<LifecycleDocument>
    <DocumentTitle>Project Name</DocumentTitle>
    <DocumentType>Test Cases Specification</DocumentType>
    <DocumentTemplate>TestCasesTemplate.tmp</DocumentTemplate>
    <Header>8</Header>
    <Footer>Test Cases Template</Footer>
	<Attributes>
		<Version>1.0</Version>
		<Date>12/2/2013</Date>
		<Name>Jeremiah Butler</Name>
        <PreparedFor>Senior Design Test Case Demo</PreparedFor>
	</Attributes>
	<Sections>
	    <TestCase1>
	    <TestScope>Identify what was tested</TestScope>
	    <TestSummary>A summary of test results</TestSummary>
	    <Conclusions>Compare with previous test results, etc</Conclusions>
	    </TestCase1>
	    <TestCase2>
	    <TestScope>Identify what was tested</TestScope>
	    <TestSummary>A summary of test results</TestSummary>
	    <Conclusions>Compare with previous test results, etc</Conclusions>
	    </TestCase2>
	</Sections>
</LifecycleDocument>