<?xml version="1.0" encoding="UTF-8"?>


<?xml-stylesheet type="text/css" href="Stylesheets\BankCustomers.css"?>
<!-- <?xml-stylesheet type="text/xsl" href="Stylesheets\BankCustomers.xsl"?>-->
<Customers>
  <Customer customerID="BN069256988" >
    <Name>
      <FirstName>Mary</FirstName>
      <LastName>O'Sullivan</LastName>
    </Name>
    <Address>
      <Street>479 Smith Street</Street>
      <City>New Bedford</City>
      <State>MA</State>
      <ZipCode>02740</ZipCode>
    </Address>
    <Telephone>508.991.1020</Telephone>
    <EMail>MOS@acm.org</EMail>
    <Account type="Savings" id="S012345" opened="10/26/2000">
      <Balance>1234</Balance>
    </Account>
  </Customer>

  <Customer customerID="BN695842699" >
    <Name>
      <FirstName>Sam</FirstName>
      <LastName>Walton</LastName>
    </Name>
    <Address>
      <Street>27 Gloria Blvd.</Street>
      <City>Fairhaven</City>
      <State>MA</State>
      <ZipCode>02873</ZipCode>
    </Address>
    <Telephone>508.992.9680</Telephone>
    <EMail>SWalton@ieee.org</EMail>

    <Account type="Savings" id="S054321" opened="02/13/1996">
      <Balance>1594</Balance>
    </Account>
    <Account type="Checking" id="C056985" opened="02/13/1996">
      <Balance>967</Balance>
    </Account>
  </Customer>

  <Customer customerID="BN026859455" >
    <Name>
      <FirstName>Michael</FirstName>
      <LastName>Smith</LastName>
    </Name>
    <Address>
      <Street>479 Sullivan Way</Street>
      <City>New Bedford</City>
      <State>MA</State>
      <ZipCode>02740</ZipCode>
    </Address>
    <Telephone>508.992.2010</Telephone>
    <EMail>SmithM@msn.com</EMail>
    <Account type="Savings" id="S023456" opened="06/09/1997">
      <Balance>1234</Balance>
    </Account>
  </Customer>

  <Customer customerID="BN965238425" >
    <Name>
      <FirstName>Ellie-Mae</FirstName>
      <LastName>Walton</LastName>
    </Name>
    <Address>
      <Street>27 Gloria Blvd.</Street>
      <City>Fairhaven</City>
      <State>MA</State>
      <ZipCode>02873</ZipCode>
    </Address>
    <Telephone>508.992.9680</Telephone>
    <EMail>Sweetie2@aol.com</EMail>
    <Account type="Savings" id="S054321" opened="02/13/1996">
      <Balance>1594</Balance>
    </Account>
    <Account type="Checking" id="C056985" opened="02/13/1996">
      <Balance>967</Balance>
    </Account>
  </Customer>

  <Customer customerID="BN953251112" >
    <Name>
      <FirstName>Sam</FirstName>
      <LastName>O'Sullivan</LastName>
    </Name>
    <Address>
      <Street>23 Walton Road</Street>
      <City>Westport</City>
      <State>MA</State>
      <ZipCode>02749</ZipCode>
    </Address>
    <Telephone>508.673.1928</Telephone>
    <EMail>SOS@acm.org</EMail>
    <Account type="Checking" id="C012543" opened="01/17/2002">
      <Balance>34</Balance>
    </Account>
  </Customer>

  <Customer customerID="BN038516588" >
    <Name>
      <FirstName>Mario</FirstName>
      <LastName>Sullivan</LastName>
    </Name>
    <Address>
      <Street>1437 Owtamy Way</Street>
      <City>Provincetown</City>
      <State>MA</State>
      <ZipCode>05739</ZipCode>
    </Address>
    <Telephone>617.658.9579</Telephone>
    <EMail>Sully@ieee.org</EMail>
    <Account type="Savings" id="s064983" opened="06/21/1999">
      <Balance>2397</Balance>
    </Account>
  </Customer>

  <Customer customerID="BN569852333" >
    <Name>
      <FirstName>Tony</FirstName>
      <LastName>Goldstein</LastName>
    </Name>
    <Address>
      <Street>768 Rockdale Avenue</Street>
      <City>Fairhaven</City>
      <State>MA</State>
      <ZipCode>02873</ZipCode>
    </Address>
    <Telephone>508.999.0077</Telephone>
    <EMail>TGold2167@aol.com</EMail>
    <Account type="Savings" id="S085921" opened="10/15/1997">
      <Balance>2954</Balance>
    </Account>
    <Account type="Checking" id="C081385" opened="07/10/1998">
      <Balance>284</Balance>
    </Account>
  </Customer>
</Customers>
