<?xml version="1.0" encoding="UTF-8"?>
<?xml-stylesheet type="text/xsl" href="NotionalXSL.xsl"?>


<SoftwareRequirementsDocument xml:base='ProjectLifecycleDocuments.xml' projectName="Lifecycle Documents with Requirements Tracking"  xmlns:xsi="http://www.w3.org/2001/XMLSchema-instance" xsi:noNamespaceSchemaLocation="NotionalSchema2.xsd">

		
		<Section isNewest="true" id="RQ1.0">
			
		<Title isNewest="true">Introduction</Title>
			<Para isNewest="true">The Software Requirements Specification details the extent of NUWC’s Lifecycle Project Manager. The product’s main feature is it’s ability to create and manage lifecycle documents using a graphical user interface. The lifecycle documents will be organized and exported using an XML Schema. This can be accomplished by a user who has no knowledge of the XML language. This document will review all the basic functionality required for a user to edit, create, and manage lifecycle projects.
	  </Para>    
		</Section>
		
	<Section isNewest="true" id="RQ1.1">
		<Title isNewest="true">Purpose</Title>
		<Para isNewest="true"> To provide a detailed description of how the product will produce it’s lifecycle documents as well as edit and export them. It also overviews the basic functional requirements requested by the customer.
			</Para>
		</Section>
		
		<Section isNewest="true" id="RQ1.2">
			
		<Title isNewest="true">Scope</Title>
		<Para isNewest="true">The Lifecycle Project Manager will create and edit projects and lifecycle documents. It will serve as a cheap but easy to use software that allows users to input their own data and organize based on an XML schema. The product will export the lifecycle documents as PDF and HTML, as well as print out a requirements traceability matrix.
		</Para>
		</Section>
		<Section isNewest="true" id="RQ1.3">
		<Title isNewest="true">Definitions </Title>
		<Para isNewest="true">API - Application Programming Interface</Para>
		<Para isNewest="true">CSS - Cascading Style Sheet</Para>
		<Para isNewest="true">CSV - Comma Separated Value</Para>
		<Para isNewest="true">GUI - Graphical User Interface</Para>
		<Para isNewest="true">HTML - HyperText Markup Language</Para>
		<Para isNewest="true">JS - Javascript</Para>
		<Para isNewest="true">LC - Lifecycle</Para>
		<Para isNewest="true">NUWC - Naval Undersea Warfare Center Division Newport</Para>
		<Para isNewest="true">PDF - Portable Document Format</Para>
		<Para isNewest="true">RTM - Requirements Traceability Matrix</Para>
		<Para isNewest="true">UMASSD - University of Massachusetts: Dartmouth</Para>
		<Para isNewest="true">XML - Extensible Markup Language</Para>
		</Section>
		
		<Section isNewest="true" id="RQ1.4">
			
		<Title isNewest="true">Overview</Title>
		<Para isNewest="true">The SRS contains explicit details describing how the product is designed and implemented. It is organized in a top-down layered approach. The goal of this project is to create a protoype application capable of allowing a user to productively manage lifecycle documentation in XML without an previous XML experience. 
		</Para>
		</Section>
	
   
 <!--SECTION 2-->
 
  <Section isNewest="true" id="RQ2.0">
  	
  	<Title isNewest="true">General Description</Title>
  	<Section isNewest="true" id="RQ2.1">
	<Title isNewest="true">Product Perspective </Title>
  	<Para isNewest="true">Our project team design goal is to develop a software solution to the proposal offered by NUWC. The design will accommodate for previous user complaints and shortcoming. It will also replace manual spreadsheet entries into a database. The software will also automate the process of generating a RTM. It will be a new, self-contained, web-based solution that requires minimal constraints. The design goal is to provide a tabular method of viewing multiple documents simultaneously to promote user productivity.
  	</Para>
  		
  	</Section>
  	<Section isNewest="true" id="RQ2.2">
  		
  	<Title isNewest="true">Product Functions </Title>
  	<Para isNewest="true">The software will prompt the user to open a new project or create a new one. When the user selects new project it presents the user with a set default templates which have been checked against a defined XML schema. These templates will be saved with the filename specified by the user. The user can then edit these templates with their information. The user can define requirements which will be traced throughout other documents in the project. After the documents have been saved, the user can select to create a RTM (Requirement Traceability Matrix) from the XML templates which the user has created and modified. 
  	</Para>
  	</Section>
  	<Section isNewest="true" id="RQ2.3">
  	<Title isNewest="true">User Characteristics</Title>
      <Para isNewest="true">This product is intended to be used by a non-technical user who may have no knowledge of the XML language. There will be no user groups, or administrator authentications. The user will be assumed to have access once the user is able to log into the computer where the software is stored.
      </Para>
  	</Section>
  	<Section isNewest="true" id="RQ2.4">
  	<Title isNewest="true">General Constraints</Title>
     
      <Para isNewest="true">The software will run on a Microsoft Windows 7 platform within Microsoft Internet Explorer browser. </Para>
	  
      <Para isNewest="true">The use of a database is prohibited and there is also no Internet connection available.</Para>
	  
	  <Para isNewest="true">The software must implement an XML schema developed by the team. The schema helps keep the document structured and search-able. </Para>
	  
	  <Para isNewest="true">By using an XML schema and an XLST processor, the user will have the ability to export documents as either an HTML or PDF.</Para>  
  	</Section>
  	<Section isNewest="true" id="RQ2.5">
  	<Title isNewest="true">Assumptions</Title>
      <Para isNewest="true">One dependency would be the available browser. If this were to change our application may break or provide an unintended appearance or functionality to the user.</Para>
	  
      <Para isNewest="true"> product will create a directory for all of the created/edited LC documents, and the user will have permission on the local machine for the software to function as intended.</Para>
	  
	  <Para isNewest="true">The team must also assume the user is capable of creating and editing technical documentation. </Para>
	  
	  <Para isNewest="true">Lastly, one major assumption is user has no knowledge of XML and the user should have not have to see what is happening behind the scenes while creating the project and exporting the documents.
	  </Para>
  	</Section>
  </Section>
<!--END Section 2-->
  
<!--SECTION 3-->  
	
  <Section isNewest="true" id="RQ3.0">
  	<Title isNewest="true">Specific Requirements</Title>
  	<Section isNewest="true" id="RQ3.1">
  		<Title isNewest="true">External Interface Requirements</Title>
  	<Requirement isNewest="true" id="RQ3.1.1"> 
  		<Title isNewest="true"> User Interfaces </Title>
		<Para isNewest="true">The user interface should be easy to use and have simple text boxes and an active table of contents menu, and a preview of the document selected in a preview pane. Since the user is unaware of the XML back end implementation, a GUI must be driven from XML to allow for easy adaptation.
		</Para>
		<Requirement isNewest="true" id="RQ3.1.1.1">
			<Para isNewest="true">User is unaware of XML back end implementation.</Para>
		</Requirement>
		<Requirement isNewest="true" id="RQ3.1.1.2">
			<Para isNewest="true">System shall present a GUI to users that allow them to develop and edit lifecycle documents (i.e Requirements, Design, and Test)</Para>
		</Requirement>
		<Requirement isNewest="true" id="RQ3.1.1.3">
			<Para isNewest="true">Ability to view existing requirements, design elements and test cases shall be available at all times. </Para>
		</Requirement>
  	</Requirement>
  		
  		
  		<Requirement isNewest="true" id="RQ3.1.2">
  		<Title isNewest="true">HardwareInterfaces</Title>
  		<Para isNewest="true"> The application will be able to operate on a modern Microsoft Windows operating computer, that has an active installation of Microsoft Internet Explorer. Since there will be no network connection available, there is no requirement to interface to a network, however, the software solution will be web-based and address some scalability issues. All other hardware interfacing will be handled by the operating system, or the browser. 
  		</Para>
		<Requirement isNewest="true" id="RQ3.1.2.1"> 
			<Para isNewest="true"> All hardware interfacing is handled by the browser.</Para>
		</Requirement>
  		</Requirement>
		
		<Requirement isNewest="true" id="RQ3.1.3">
  		<Title isNewest="true">Software Interfaces</Title>
			<Para isNewest="true">The XML Schema will be developed by the team, and the RTM will be auto-generated upon request. The XSLT processor will be used to convert the XML lifecycle documentation into HTML or PDF documents. The software will also use Internet Explorer as the main software interface.</Para>
			<Requirement isNewest="true" id="RQ3.1.3.1">
				<Para isNewest="true">Must work with Internet Explorer 10.</Para>
			</Requirement>
			<Requirement isNewest="true" id="RQ3.1.3.2">
				<Para isNewest="true">Program should be capable of running XSLT processing for HTML and PDF output. An XML instance shall be transformed, via XSLT designed and developed by the team into an HTML-based interactive document.</Para>
			</Requirement>
			<Requirement isNewest="true" id="RQ3.1.3.3">
				<Para isNewest="true">System shall provide a mechanism to associate related parts of each document. (e.g. Requirement x is associated with design element y and test case z).</Para>
			</Requirement>
			<Requirement isNewest="true" id="RQ3.1.3.4">
				<Para isNewest="true">System shall produce XML instances conformant with an XML schema designed and developed by the team.</Para>
			</Requirement>
			<Requirement isNewest="true" id="RQ3.1.3.5">
				<Para isNewest="true">System shall be able to auto-generate a Requirements Traceability Matrix at any point during development.</Para>
			</Requirement>			
		</Requirement>
  		
  		<Requirement isNewest="true" id="RQ3.1.4">
				<Title isNewest="true">Communication Interfaces</Title>
			<Para isNewest="true">The software solution will not need to communicate outside the local machine, since there will may be no network available. </Para>
			<Requirement isNewest="true" id="RQ3.1.4.1">
				<Para isNewest="true">Must communicate with local file system to create and edit XML files</Para>
			</Requirement>
  		</Requirement>
  	</Section>


  
  	<Section isNewest="true" id="RQ3.2">
  		<Title isNewest="true">Functional Requirements</Title>
      <Para isNewest="true">Important features of the software project include creation of a Requirement Traceability Matrix (RTM) with the option as exporting as a ‘.csv’ file. Other functionality include user being able to add and implement their own templates for use.</Para>
		
  		<Requirement isNewest="true" id="RQ3.2.1">
  		<Title isNewest="true"> Create Lifecycle Project </Title>
	<Requirement isNewest="true" id="RQ3.2.1.1">
		<Title isNewest="true">Introduction</Title>
		<Para isNewest="true">Option to create a new LC project.</Para> 
	</Requirement>
	<Requirement isNewest="true" id="RQ3.2.1.2">
		<Title isNewest="true">Inputs</Title>
		<Para isNewest="true">Input project name and template selection.</Para> 
	</Requirement>
	<Requirement isNewest="true" id="RQ3.2.1.3">
		<Title isNewest="true">Processing</Title>
		<Para isNewest="true">Create project directory.  Existing files may be added to project if needed.</Para> 
	</Requirement>
	<Requirement isNewest="true" id="RQ3.2.1.4">
		<Title isNewest="true">Outputs</Title>
		<Para isNewest="true"> Project directory created. XML template is selected. </Para> 
	</Requirement>
	<Requirement isNewest="true" id="RQ3.2.1.5">
		<Title isNewest="true">Error Handling</Title>
		<Para isNewest="true">JScript form checking. </Para> 
	</Requirement>
		</Requirement>
	
  		<Requirement isNewest="true" id="RQ3.2.2">
  		<Title isNewest="true">Read Lifecycle Document </Title>
		<Requirement isNewest="true" id="RQ3.2.2.1">
		<Title isNewest="true">Introduction </Title>
		<Para isNewest="true">Option to open an LC project.</Para> 
	</Requirement>
	<Requirement isNewest="true" id="RQ3.2.2.2">
		<Title isNewest="true">Inputs</Title>
		<Para isNewest="true">Browse for a project name. </Para> 
	</Requirement>
	<Requirement isNewest="true" id="RQ3.2.2.3">
		<Title isNewest="true">Processing</Title>
		<Para isNewest="true">Open project directory.  Parse XML for requirements, create array of sections for Table of Contents and preview. </Para>
	</Requirement>
	<Requirement isNewest="true" id="RQ3.2.2.4">
		<Title isNewest="true">Outputs</Title>
		<Para isNewest="true">Display Table of Contents and preview. </Para> 
	</Requirement>
	<Requirement isNewest="true" id="RQ3.2.2.5">
		<Title isNewest="true">Error Handling</Title>
		<Para isNewest="true">Browsing keeps user from entering invalid file location. XML schema ensures documents can be handled by our system.</Para> 
	</Requirement>
  		</Requirement>
	
	<Requirement isNewest="true" id="RQ3.2.3">
  <Title isNewest="true">Read Lifecycle Document</Title>
	<Requirement isNewest="true" id="RQ3.2.3.1">
		<Title isNewest="true">Introduction </Title>
		<Para isNewest="true">Option to edit an open an LC project. </Para> 
	</Requirement>
	<Requirement isNewest="true" id="RQ3.2.3.2">
		<Title isNewest="true">Inputs</Title>
		<Para isNewest="true">Mouse click on section within Table of Contents. </Para> 
	</Requirement>
	<Requirement isNewest="true" id="RQ3.2.3.3">
		<Title isNewest="true">Processing</Title>
		<Para isNewest="true">Selected section is put into editable text area. </Para> 
	</Requirement>
	<Requirement isNewest="true" id="RQ3.2.3.4">
		<Title isNewest="true">Outputs</Title>
		<Para isNewest="true">Section is focused within preview and the given area is visibly now editable. </Para> 
	</Requirement>
	<Requirement isNewest="true" id="RQ3.2.3.5">
		<Title isNewest="true">Error Handling </Title>
		<Para isNewest="true">If an error occurs during this processing, the user will be alerted and checked against the schema again.</Para> 
	</Requirement>
	</Requirement>
	
	<Requirement isNewest="true" id="RQ3.2.4">
  		<Title isNewest="true">Read Lifecycle Document</Title>
	<Requirement isNewest="true" id="RQ3.2.4.1">
		<Title isNewest="true">Introduction </Title>
		<Para isNewest="true">Existing LC documents are able to be exported as HTML or PDF file. </Para>
	</Requirement>
	<Requirement isNewest="true" id="RQ3.2.4.2">
		<Title isNewest="true">Inputs</Title>
		<Para isNewest="true">Project where export button is selected will be input, user will select which document they wish to export. </Para> 
	</Requirement>
	<Requirement isNewest="true" id="RQ3.2.4.3">
		<Title isNewest="true">Processing</Title>
		<Para isNewest="true">XSLT processor uses XML and XSLT stylesheet to process HTML or PDF export. </Para> 
	</Requirement>
	<Requirement isNewest="true" id="RQ3.2.4.4">
		<Title isNewest="true">Outputs </Title>
		<Para isNewest="true">HTML file is exported based on LC document chosen.</Para> </Requirement>
	<Requirement isNewest="true" id="RQ3.2.4.5">
		<Title isNewest="true">Error Handling </Title>
		<Para isNewest="true">Javascript form checking, user will be alerted to any errors in processing.</Para> 
	</Requirement>
	</Requirement>
	
	<Requirement isNewest="true" id="RQ3.2.5">
	<Title isNewest="true"> Generate RTM </Title>
	<Requirement isNewest="true" id="RQ3.2.5.1">
		<Title isNewest="true">Introduction </Title>
		<Para isNewest="true">Requirements Traceability Matrix is generated based off XML requirements. </Para> 
	</Requirement>
	<Requirement isNewest="true" id="RQ3.2.5.2">
		<Title isNewest="true">Inputs</Title>
		<Para isNewest="true">Project selection from user.</Para> 
	</Requirement>
	<Requirement isNewest="true" id="RQ3.2.5.3">
		<Title isNewest="true">Processing</Title>
		<Para isNewest="true">Find LC documents from locations in project file. Parse requirements to create a HTML table. </Para> </Requirement>
	<Requirement isNewest="true" id="RQ3.2.5.4">
		<Title isNewest="true">Outputs</Title>
		<Para isNewest="true">HTML table with down-loadable CSV.</Para> 
	</Requirement>
	<Requirement isNewest="true" id="RQ3.2.5.5">
		<Title isNewest="true">Error Handling </Title>
		<Para isNewest="true">JUser will be alerted to error, document will be rechecked against schema.</Para> 
	</Requirement>
	</Requirement>
	</Section>
	
	<Section isNewest="true" id="RQ3.3">
		<Title isNewest="true">Use Case</Title>
		<Requirement isNewest="true" id="RQ3.3.1">
		<Title isNewest="true">Create Lifecycle Document </Title>
	<Requirement isNewest="true" id="RQ3.3.1.1">
		<Title isNewest="true"> Brief Description </Title>
		<Para isNewest="true"> 	User is presented with the option to create a Lifecycle project, or new document within an existing project. The user only needs to input a name, location, and template selection.</Para> 
	</Requirement>
	
	<Requirement isNewest="true" id="RQ3.3.1.2"> 
		<Title isNewest="true">Preconditions</Title>
		<Para isNewest="true">The user has started the program.</Para> 
		<Para isNewest="true">A valid template has been selected.</Para> 
	</Requirement>
	
	<Requirement isNewest="true" id="RQ3.3.1.3">
		<Title isNewest="true"> Basic Flow of Events </Title>
		<Para isNewest="true">User selects create. </Para> 
		<Para isNewest="true">Name, location, and template are input. </Para>
		<Para isNewest="true">Templates are copied to the given location using the name specified. </Para> 
		<Para isNewest="true">Read method is called </Para> 
	</Requirement>
	<Requirement isNewest="true" id="RQ3.3.1.4">
		<Title isNewest="true"> Alternate Flows</Title>
		<Para isNewest="true"> If creating a document within an existing project, location is already specified. </Para> 
	</Requirement>
	<Requirement isNewest="true" id="RQ3.3.1.5">
		<Title isNewest="true">Sub Flows</Title>
		<Para isNewest="true">Documents are checked against schema for initial integrity.</Para> 
	</Requirement>
	
	<Requirement isNewest="true" id="RQ3.3.1.6">
		<Title isNewest="true">Post Conditions </Title>
		<Para isNewest="true"> Project directory is created.</Para>
		<Para isNewest="true"> Project file is created containing meta-data and additional project file locations.</Para> 
	</Requirement>
	
	
	<Requirement isNewest="true" id="RQ3.3.1.7">
		<Title isNewest="true"> Specific Requirements</Title>
		<Para isNewest="true"> User is unaware of XML back end implementation</Para>
		<Para isNewest="true"> All hardware interfacing is handled by the browser</Para>
		<Para isNewest="true"> Must work with Internet Explorer 10</Para> 
		<Para isNewest="true">Must communicate with local file system to create and edit XML files </Para> 
		</Requirement>
	<Requirement isNewest="true" id="RQ3.3.1.8"> 
		<Title isNewest="true">Additional Information</Title>
	</Requirement>
		</Requirement>
	
	<Requirement isNewest="true" id="RQ3.3.2">
		<Title isNewest="true">Read Lifecycle Document</Title>
	<Requirement isNewest="true" id="RQ3.3.2.1"> 
		<Title isNewest="true">Brief Description</Title>
		<Para isNewest="true">	User selects to open a LC document in a read-only format.  A file system search is opened.</Para> 
	</Requirement>
	<Requirement isNewest="true" id="RQ3.3.2.2"> 
		<Title isNewest="true">Preconditions</Title>
		<Para isNewest="true">	The document to be opened must already exist and match the XML schema. </Para> 
	</Requirement>	
	<Requirement isNewest="true" id="RQ3.3.2.3"> 
		<Title isNewest="true">Basic Flow of Events</Title>
		<Para isNewest="true"> Open LC document is clicked.  </Para> 
		<Para isNewest="true">User is prompted with search of file system.</Para> 
		<Para isNewest="true">User selects LC project</Para> 
		<Para isNewest="true">LC document is opened in a read-only mode.</Para>
	</Requirement>	
	<Requirement isNewest="true" id="RQ3.3.2.4">
		<Title isNewest="true"> Alternate Flows</Title>
		<Para isNewest="true"> User could open file which does not match XML schema →prompted with error.</Para> 
		<Para isNewest="true"> User can click on the read-only document and enable an editing mode.</Para> 
		<Para isNewest="true">User can switch tabs which will open a different document within the project. </Para> 
	</Requirement>	
	<Requirement isNewest="true" id="RQ3.3.2.5">
		<Title isNewest="true"> Sub Flows</Title>
		<Para isNewest="true">Documents are checked against schema for integrity</Para> 
	</Requirement>	
	<Requirement isNewest="true" id="RQ3.3.2.6"> 
		<Title isNewest="true">Post Conditions</Title>
		<Para isNewest="true">Document is opened in read-only mode until user clicks on section to be edited.</Para>
	</Requirement>
	<Requirement isNewest="true" id="RQ3.3.2.7">
		<Title isNewest="true">Specific Requirements</Title>
		<Para isNewest="true"> User is unaware of XML back end implementation</Para> 
		<Para isNewest="true"> System shall present a GUI to users that allow them to develop and edit lifecycle   documents (i.e Requirements, Design, and Test)</Para> 
		<Para isNewest="true">Must work with Internet Explorer 10 </Para> 
		<Para isNewest="true">System shall produce XML instances conformant with an XML schema designed and developed by the team. </Para> 
		<Para isNewest="true"> Must communicate with local file system to create and edit XML files</Para> 
	</Requirement>
	<Requirement isNewest="true" id="RQ3.3.2.8">
		<Title isNewest="true">Additional Information</Title>
		<Para isNewest="true">Not applicable at this time. </Para> 
	</Requirement>
	</Requirement>

	<Requirement isNewest="true" id="RQ3.3.3">
		<Title isNewest="true">Edit Lifecycle Document</Title>
	
	<Requirement isNewest="true" id="RQ3.3.3.1">
		<Title isNewest="true">Brief Description</Title>
		<Para isNewest="true">User selects a section from the Table of Contents. This section is focused in the preview and put into an editable text area. </Para> 
	</Requirement>
	<Requirement isNewest="true" id="RQ3.3.3.2"> 
		<Title isNewest="true">Preconditions</Title>
		<Para isNewest="true">A LC project has been opened and checked against the given schema. </Para> 
		<Para isNewest="true">	Table of Contents and preview have been generated and displayed. </Para> 
	</Requirement>	
	<Requirement isNewest="true" id="RQ3.3.3.3"> 
		<Title isNewest="true">Basic Flow of Events</Title>
		<Para isNewest="true">User selects a section from the Table of Contents </Para>  
		<Para isNewest="true"> This section is focused and made editable</Para> 
		<Para isNewest="true">User makes changes and selects another section or exits </Para> 
		<Para isNewest="true"> User is prompted to save any changes.</Para>
	</Requirement>	
	<Requirement isNewest="true" id="RQ3.3.3.4">
		<Title isNewest="true"> Alternate Flows</Title>
		<Para isNewest="true">No changes are made </Para> 
	</Requirement>	
	<Requirement isNewest="true" id="RQ3.3.3.5"> 
		<Title isNewest="true">Sub Flows</Title>
		<Para isNewest="true">Changes are committed to local file </Para> 
	</Requirement>	
	<Requirement isNewest="true" id="RQ3.3.3.6"> 
		<Title isNewest="true">Post Conditions</Title>
		<Para isNewest="true"> If files are changed, they still match schema</Para> 
	</Requirement>
	<Requirement isNewest="true" id="RQ3.3.3.7">
		<Title isNewest="true">Specific Requirements</Title>
		<Para isNewest="true"> User is unaware of XML back end implementation</Para> 
		<Para isNewest="true">System shall present a GUI to users that allow them to develop and edit lifecycle documents (i.e Requirements, Design, and Test) </Para> 
		<Para isNewest="true">Ability to view existing requirements, design elements and test cases shall be available at all times </Para> 
		<Para isNewest="true"> All hardware interfacing is handled by the browser</Para> 
		<Para isNewest="true">Must work with Internet Explorer 10</Para> 
		<Para isNewest="true">Must communicate with local file system to create and edit XML files </Para> 
	</Requirement>
	<Requirement isNewest="true" id="RQ3.3.3.8"> 
		<Title isNewest="true">Additional Information</Title>
		<Para isNewest="true">Not applicable at this time. </Para> 
	</Requirement>
	</Requirement>


	<Requirement isNewest="true" id="RQ3.3.4">
		<Title isNewest="true">Export Lifecycle Document</Title>
	
	<Requirement isNewest="true" id="RQ3.3.4.1"> 
		<Title isNewest="true">Brief Description</Title>
		<Para isNewest="true"> LC Document will be exported as an HTML file using the XSLT processor based on the defined XML schema.</Para> 
	</Requirement>
	<Requirement isNewest="true" id="RQ3.3.4.2"> 
		<Title isNewest="true">Preconditions</Title>
		<Para isNewest="true">XML Schema is defined. </Para> 
		<Para isNewest="true"> LC Document contains text.</Para> 
	</Requirement>	
	<Requirement isNewest="true" id="RQ3.3.4.3"> 
		<Title isNewest="true">Basic Flow of Events</Title>
		<Para isNewest="true"> XML Schema is defined.</Para> 
		<Para isNewest="true"> LC Document is opened and being viewed/edited.</Para>
		<Para isNewest="true">User clicks Export LC Document.</Para> 
		<Para isNewest="true"> User is prompted for name of file to be exported.</Para> 
		<Para isNewest="true"> XSLT processor uses XML schema to create HTML file.</Para> 
	</Requirement>	
	<Requirement isNewest="true" id="RQ3.3.4.4"> 
		<Title isNewest="true">Alternate Flows</Title>
		<Para isNewest="true"> User can be asked which export file format is appropriate.</Para>
		<Para isNewest="true">User can choose between HTML and PDF. </Para> 
	</Requirement>	
	<Requirement isNewest="true" id="RQ3.3.4.5"> 
		<Title isNewest="true">Sub Flows</Title>
		<Para isNewest="true"> Documents are checked against schema for integrity.</Para> 
	</Requirement>	
	<Requirement isNewest="true" id="RQ3.3.4.6"> 
		<Title isNewest="true">Post Conditions</Title>
		<Para isNewest="true">HTML file is exported and viewable in browser. </Para> 
	</Requirement>
	<Requirement isNewest="true" id="RQ3.3.4.7"> 
		<Title isNewest="true">Specific Requirements</Title>
		<Para isNewest="true"> System shall present a GUI to users that allow them to develop and edit lifecycle documents (i.e Requirements, Design, and Test)</Para> 
		<Para isNewest="true"> All hardware interfacing is handled by the browser</Para> 
		<Para isNewest="true">Must work with Internet Explorer 10 </Para> 
		<Para isNewest="true">Program should be capable of running XSLT processing for HTML and PDF output. </Para> 
		<Para isNewest="true">An XML instance shall be transformed, via XSLT designed and developed by the team into an HTML-based interactive document </Para> 
		<Para isNewest="true">Must communicate with local file system to create and edit XML files</Para> 
	</Requirement>
	<Requirement isNewest="true" id="RQ3.3.4.8"> 
		<Title isNewest="true">Additional Information</Title>
		<Para isNewest="true"> Not applicable at this time. </Para> 
	</Requirement>
	</Requirement>
	
	<Requirement isNewest="true" id="RQ3.3.5">
		<Title isNewest="true">Generate RTM</Title>
	
	<Requirement isNewest="true" id="RQ3.3.5.1"> 
		<Title isNewest="true">Brief Description</Title>
		<Para isNewest="true"> A RTM should be generated from the requirements, use cases, and test cases within a project. This will be displayed as an HTML table while giving the user the ability to download it as a CSV.</Para> 
	</Requirement>
	<Requirement isNewest="true" id="RQ3.3.5.2"> 
		<Title isNewest="true">Preconditions</Title>
		<Para isNewest="true">An project is open and the documents follow a given schema</Para> 
	</Requirement>	
	<Requirement isNewest="true" id="RQ3.3.5.3"> 
		<Title isNewest="true">Basic Flow of Events</Title>
		<Para isNewest="true"> User clicks generate RTM</Para>
		<Para isNewest="true"> Requirements document is scanned, assigning an ID to each requirement for easy navigation</Para>
		<Para isNewest="true">Use and test case documents are scanned for these requirements</Para>
		<Para isNewest="true"> Found instances are noted on table</Para>
		<Para isNewest="true">HTML and CSV are generated and displayed </Para> 
	</Requirement>	
	<Requirement isNewest="true" id="RQ3.3.5.4"> 
		<Title isNewest="true">Alternate Flows</Title>
		<Para isNewest="true"> If the desired document does not exist, those cells will be left blank</Para> 
	</Requirement>	
	<Requirement isNewest="true" id="RQ3.3.5.5"> 
		<Title isNewest="true">Sub Flows</Title>
		<Para isNewest="true">CSV is generated from table </Para> 
		<Para isNewest="true">If button is pressed, download is presented to user </Para> 
	</Requirement>	
	<Requirement isNewest="true" id="RQ3.3.5.6"> 
		<Title isNewest="true">Post Conditions</Title>
		<Para isNewest="true"> None</Para> 
	</Requirement>
	<Requirement isNewest="true" id="RQ3.3.5.7"> 
		<Title isNewest="true">Specific Requirements</Title>
		<Para isNewest="true"> User is unaware of XML back end implementation</Para>
		<Para isNewest="true">System shall present a GUI to users that allow them to develop and edit lifecycle documents (i.e Requirements, Design, and Test) </Para>
		<Para isNewest="true">Must work with Internet Explorer 10</Para>
		<Para isNewest="true">System shall produce XML instances conformant with an XML schema designed and developed by the team. </Para>
		<Para isNewest="true">  System shall be able to auto-generate a Requirements Traceability Matrix at any point during development</Para> 
		<Para isNewest="true">Must communicate with local file system to create and edit XML files</Para>
	</Requirement>
	<Requirement isNewest="true" id="RQ3.3.5.8"> 
		<Title isNewest="true">Additional Information</Title>
		<Para isNewest="true">Not applicable at this time. </Para> 
	</Requirement>
	</Requirement>

<Requirement isNewest="true" id="RQ3.3.6">
		<Title isNewest="true">Quit Program</Title>
	
	<Requirement isNewest="true" id="RQ3.3.6.1"> 
		<Title isNewest="true">Brief Description</Title>
		<Para isNewest="true">Browser close button will exit the LC Project Manager. </Para> 
	</Requirement>
	<Requirement isNewest="true" id="RQ3.3.6.2"> 
		<Title isNewest="true">Preconditions</Title>
		<Para isNewest="true">Software is open.</Para> 
	</Requirement>	
	<Requirement isNewest="true" id="RQ3.3.6.3"> 
		<Title isNewest="true">Basic Flow of Events</Title>
		<Para isNewest="true"> User decides they wants to exit program</Para>
		<Para isNewest="true"> User clicks close browser.</Para>
		<Para isNewest="true">Browser unload prompts user to save</Para>
		<Para isNewest="true">Program is terminated.</Para> 
	</Requirement>	
	<Requirement isNewest="true" id="RQ3.3.6.4"> 
		<Title isNewest="true">Alternate Flows</Title>
		<Para isNewest="true">Not applicable.</Para> 
	</Requirement>	
	<Requirement isNewest="true" id="RQ3.3.6.5"> 
		<Title isNewest="true">Sub Flows</Title>
		<Para isNewest="true">Not applicable.</Para> 
	</Requirement>	
	<Requirement isNewest="true" id="RQ3.3.6.6"> 
		<Title isNewest="true">Post Conditions</Title>
		<Para isNewest="true"> Program is terminated.</Para> 
	</Requirement>
	<Requirement isNewest="true" id="RQ3.3.6.7"> 
		<Title isNewest="true">Specific Requirements</Title>
		<Para isNewest="true">All hardware interfacing is handled by the browser</Para>
		<Para isNewest="true">Must work with Internet Explorer 10 </Para> 
	</Requirement>
	<Requirement isNewest="true" id="RQ3.3.6.8"> 
		<Title isNewest="true">Additional Information</Title>
		<Para isNewest="true"> Not applicable at this time. </Para>
	</Requirement>
</Requirement>
</Section>
</Section>

</SoftwareRequirementsDocument>


