<?xml version="1.0" encoding="UTF-8"?>
<LifecycleDocument>
    <DocumentTitle>Project Name</DocumentTitle>
    <DocumentType>Software Requirements Specification</DocumentType>
    <DocumentTemplate>SoftwareRequirementsTemplate.tmp</DocumentTemplate>
    <Header>*</Header>
    <Footer>WSU-TC CptS 322/tSoftware Requirements Specification Template</Footer>
	<Attributes>
		<Version>1.0</Version>
		<Date>11/1/2013</Date>
		<Name>Jeremiah Butler</Name>
        <PreparedFor>WSU-TC CptS 322—Software Engineering Principles I Instructor: A. David McKinnon, Ph.D. Spring 2005</PreparedFor>
	</Attributes>
	<Sections>
		<RevisionHistory>0.1</RevisionHistory>
		<DocumentApproval>0.2</DocumentApproval>
		<Introduction>1
            <Purpose>1</Purpose>
            <Scope>2</Scope>
            <DefinitionsAcronymsAndAbbreviations>3</DefinitionsAcronymsAndAbbreviations>
            <References>4</References>
            <Overview>5</Overview>
        </Introduction>
        <GeneralDescription>2
            <ProductPerspective>1</ProductPerspective>
            <ProductFunctions>2</ProductFunctions>
            <UserCharacteristics>3</UserCharacteristics>
            <GeneralConstraints>4</GeneralConstraints>
            <AssumptionsAndDependencies>5</AssumptionsAndDependencies>
		</GeneralDescription>
        <SpecificRequirements>3
	        <ExternalInterfaceRequirements>1
                <UserInterfaces>1</UserInterfaces>
                <HardwareInterfaces>2</HardwareInterfaces>
                <SoftwareInterfaces>3</SoftwareInterfaces>
                <CommunicationsInterfaces>4</CommunicationsInterfaces>
            </ExternalInterfaceRequirements>
	        <FunctionalRequirements>2
                <FunctionalRequirement>1</FunctionalRequirement>
                <FunctionalRequirement>2</FunctionalRequirement>
            </FunctionalRequirements>
	        <UseCases>3
                <UseCase>1</UseCase>
                <UseCase>2</UseCase>
            </UseCases>
	        <ClassesOrObjects>4
                <ClassOrObject>1</ClassOrObject>
                <ClassOrObject>2</ClassOrObject>
            	</ClassesOrObjects>
	        <Non-FunctionalRequirements>5
                <Performance>1</Performance>
                <Reliability>2</Reliability>
                <Availability>3</Availability>
                <Security>4</Security>
                <Maintainability>5</Maintainability>
                <Portability>6</Portability>
            </Non-FunctionalRequirements>
			<InverseRequirements>6</InverseRequirements>
            <DesignConstraints>7</DesignConstraints>
            <LogicalDatabaseRequirements>8</LogicalDatabaseRequirements>
            <OtherRequirements>9</OtherRequirements>
        </SpecificRequirements>
        <GeneralDescription>4
            <SequenceDiagrams>1</SequenceDiagrams>
            <DataFlowDiagrams>2</DataFlowDiagrams>
            <State-TransitionDiagrams>3</State-TransitionDiagrams>
        </GeneralDescription>
	</Sections>
</LifecycleDocument>