<?xml version="1.0" encoding="UTF-8"?>
<?xml-stylesheet type="text/xsl" href="Stylesheets/ProjectXSL.xsl"?>

<!-- <root:ProjectLifeCycleDocuments -->
<ProjectLifecycleDocuments projectName="PLCD" xmlns:xsi="http://www.w3.org/2001/XMLSchema-instance" xmlns:xi="http://www.w3.org/2001/XInclude" xsi:noNamespaceSchemaLocation="NotionalSchema.xsd">
    <Team> 
        <TeamMember>
            <Name isNewest="true">Leader</Name>
            <Role isNewest="true">Team Lead</Role> 
        </TeamMember>
        <TeamMember>
            <Name isNewest="true">Member</Name>
            <Role isNewest="true">Team Member</Role>
        </TeamMember>
    </Team>
	
    <file_location>    
        <xi:include href="defaultTemplateSRS.xml" parse="xml">
           <xi:fallback>
            <p>The included document was not found!</p> 
        </xi:fallback>
    </xi:include>
    </file_location>
	
	<file_location>
    <xi:include href="defaultTemplateUseCase.xml">
        <xi:fallback>
            <p>The included document was not found!</p>
        </xi:fallback>
    </xi:include>
    </file_location>
	
    <file_location>
    <xi:include href="defaultTemplateTestCase.xml">
        <xi:fallback>
            <p>The included document was not found!</p>
        </xi:fallback>
    </xi:include>
    </file_location>
</ProjectLifecycleDocuments>