<?xml version="1.0"?>
<?xml-stylesheet type="text/xsl" href="NotionalTestCaseXSL.xsl"?>
<TestCaseDocument xml:base="projectName.xml" projectName="Lifecycle Documents with Requirements Tracking" xmlns:xsi="http://www.w3.org/2001/XMLSchema-instance" xmlns:xi="http://www.w3.org/2001/XInclude" xsi:noNamespaceSchemaLocation="NotionalSchema.xsd">
	<Section isNewest="true" id="TC1.0">
		<Title isNewest="true">PROJECT TITLE</Title>
		<Para isNewest="true" index="0"> INSERT PROJECT GOAL </Para>
		<Section isNewest="true" id="TC1.1">
			<Title isNewest="true">CREATE PROJECT TEST CASES</Title>
		</Section>
	</Section>
</TestCaseDocument>
